date,MSFT,GE,GM,IBM,DIS,XOM,MKT,RKFREE,MSFT.r,GE.r,GM.r,IBM.r,DIS.r,XOM.r,MKT.r,MSFT.rr,GE.rr,GM.rr,IBM.rr,DIS.rr,XOM.rr,MKT.rr
1995-01-14,-0.02863,0.0098,-0.07715,-0.01871,0.10761,0.02881,0.0204,0.0042,-0.03283,0.04263,-0.08135,-0.02291,0.10341,0.02461,0.05323,-3.283,4.263,-8.135,-2.291,10.341,2.461,5.323
1995-02-14,0.06105,0.06311,0.10161,0.04679,0.04914,0.034,0.03961,0.004,0.05705,0.00606,0.09761,0.04279,0.04514,0.03,-0.01744,5.705,0.606,9.761,4.279,4.514,3,-1.744
1995-03-14,0.12897,-0.00621,0.03226,0.09136,0.00234,0.04305,0.02704,0.0046,0.12437,-0.13058,0.02766,0.08676,-0.00226,0.03845,-0.09733,12.437,-13.058,2.766,8.676,-0.226,3.845,-9.733
1995-04-14,0.14938,0.03704,0.02557,0.15221,0.03673,0.04315,0.02505,0.0044,0.14498,-0.10794,0.02117,0.14781,0.03233,0.03875,-0.11993,14.498,-10.794,2.117,14.781,3.233,3.875,-11.993
1995-05-14,0.03593,0.03571,0.07036,-0.01453,0.00226,0.03777,0.03401,0.0054,0.03053,0.00518,0.06496,-0.01993,-0.00314,0.03237,0.00348,3.053,0.518,6.496,-1.993,-0.314,3.237,0.348
1995-06-14,0.06716,-0.02095,-0.02344,0.03226,0,-0.01051,0.03117,0.0047,0.06246,-0.08341,-0.02814,0.02756,-0.0047,-0.01521,-0.03129,6.246,-8.341,-2.814,2.756,-0.47,-1.521,-3.129
1995-07-14,0.00138,0.04656,0.04,0.13411,0.05793,0.02655,0.04078,0.0045,-0.00312,0.04968,0.0355,0.12961,0.05343,0.02205,0.0439,-0.312,4.968,3.55,12.961,5.343,2.205,4.39
1995-08-14,0.0221,-0.00212,-0.02718,-0.04822,-0.04051,-0.04138,0.00931,0.0047,0.0174,-0.01952,-0.03188,-0.05292,-0.04521,-0.04608,-0.00809,1.74,-1.952,-3.188,-5.292,-4.521,-4.608,-0.809
1995-09-14,-0.02162,0.08977,-0.00531,-0.08585,0.02,0.05091,0.03636,0.0043,-0.02592,0.11569,-0.00961,-0.09015,0.0157,0.04661,0.06228,-2.592,11.569,-0.961,-9.015,1.57,4.661,6.228
1995-10-14,0.10497,-0.00784,-0.06667,0.0291,0.00593,0.05709,-0.01131,0.0047,0.10027,-0.10811,-0.07137,0.0244,0.00123,0.05239,-0.11158,10.027,-10.811,-7.137,2.44,0.123,5.239,-11.158
1995-11-14,-0.12875,0.06126,0.11543,-0.00386,0.04338,0.02291,0.04271,0.0042,-0.13295,0.19421,0.11123,-0.00806,0.03918,0.01871,0.17566,-13.295,19.421,11.123,-0.806,3.918,1.871,17.566
1995-12-14,0.00717,0.07948,0.09021,-0.05433,-0.01929,0.04847,0.01519,0.0049,0.00227,0.07721,0.08531,-0.05923,-0.02419,0.04357,0.01292,0.227,7.721,8.531,-5.923,-2.419,4.357,1.292
1996-01-14,0.05413,0.06597,-0.00473,0.18741,0.0913,-0.01079,0.02815,0.0043,0.04983,0.01614,-0.00903,0.18311,0.087,-0.01509,-0.02168,4.983,1.614,-0.903,18.311,8.7,-1.509,-2.168
1996-02-14,0.06689,-0.01629,-0.01853,0.13249,0.01946,0,0.0163,0.0039,0.06299,-0.07928,-0.02243,0.12859,0.01556,-0.0039,-0.04669,6.299,-7.928,-2.243,12.859,1.556,-0.39,-4.669
1996-03-14,0.04497,0.03755,0.03902,-0.09276,-0.02481,0.02516,0.01093,0.0039,0.04107,-0.00352,0.03512,-0.09666,-0.02871,0.02126,-0.03014,4.107,-0.352,3.512,-9.666,-2.871,2.126,-3.014
1996-04-14,0.09818,-0.00803,0.01878,-0.03146,-0.02763,0.04294,0.02552,0.0046,0.09358,-0.10161,0.01418,-0.03606,-0.03223,0.03834,-0.06806,9.358,-10.161,1.418,-3.606,-3.223,3.834,-6.806
1996-05-14,0.04857,0.0712,0.0235,-0.00603,-0.02016,0.00635,0.0268,0.0042,0.04437,0.02683,0.0193,-0.01023,-0.02436,0.00215,-0.01757,4.437,2.683,1.93,-1.023,-2.436,0.215,-1.757
1996-06-14,0.01158,0.04834,-0.04989,-0.0726,0.03498,0.02507,-0.00828,0.004,0.00758,0.04076,-0.05389,-0.0766,0.03098,0.02107,-0.01586,0.758,4.076,-5.389,-7.66,3.098,2.107,-1.586
1996-07-14,-0.01873,-0.04657,-0.06921,0.08586,-0.11356,-0.05324,-0.05381,0.0045,-0.02323,-0.02334,-0.07371,0.08136,-0.11806,-0.05774,-0.03058,-2.323,-2.334,-7.371,8.136,-11.806,-5.774,-3.058
1996-08-14,0.03924,0.01064,0.02615,0.06721,0.02472,0.00049,0.03247,0.0041,0.03514,-0.0245,0.02205,0.06311,0.02062,-0.00361,-0.00267,3.514,-2.45,2.205,6.311,2.062,-0.361,-0.267
1996-09-14,0.07653,0.10027,-0.03275,0.08852,0.10965,0.02147,0.05299,0.0044,0.07213,0.02814,-0.03715,0.08412,0.10525,0.01707,-0.01914,7.213,2.814,-3.715,8.412,10.525,1.707,-1.914
1996-10-14,0.04076,0.06319,0.11719,0.03614,0.04324,0.06456,0.01363,0.0042,0.03656,0.02663,0.11299,0.03194,0.03904,0.06036,-0.02293,3.656,2.663,11.299,3.194,3.904,6.036,-2.293
1996-11-14,0.14299,0.07494,0.08205,0.23818,0.12144,0.07379,0.06552,0.0041,0.13889,-0.06395,0.07795,0.23408,0.11734,0.06969,-0.07337,13.889,-6.395,7.795,23.408,11.734,6.969,-7.337
1996-12-14,0.05339,-0.04428,-0.03254,-0.04941,-0.05584,0.03841,-0.01136,0.0046,0.04879,-0.09307,-0.03714,-0.05401,-0.06044,0.03381,-0.06015,4.879,-9.307,-3.714,-5.401,-6.044,3.381,-6.015
1997-01-14,0.23449,0.04678,0.0583,0.03548,0.04638,0.0574,0.05345,0.0045,0.22999,-0.18321,0.0538,0.03098,0.04188,0.0529,-0.17654,22.999,-18.321,5.38,3.098,4.188,5.29,-17.654
1997-02-14,-0.04412,-0.00604,-0.01059,-0.08143,0.01887,-0.02495,-0.00116,0.0039,-0.04802,0.04198,-0.01449,-0.08533,0.01497,-0.02885,0.04686,-4.802,4.198,-1.449,-8.533,1.497,-2.885,4.686
1997-03-14,-0.05962,-0.03018,-0.0432,-0.04522,-0.01852,0.07481,-0.04481,0.0043,-0.06392,0.03374,-0.0475,-0.04952,-0.02282,0.07051,0.01911,-6.392,3.374,-4.75,-4.952,-2.282,7.051,1.911
1997-04-14,0.32515,0.11839,0.04515,0.1694,0.1236,0.05104,0.0423,0.0043,0.32085,-0.20246,0.04085,0.1651,0.1193,0.04674,-0.27855,32.085,-20.246,4.085,16.51,11.93,4.674,-27.855
1997-05-14,0.02058,0.08784,0,0.08037,0.00153,0.0536,0.07163,0.0049,0.01568,0.07216,-0.0049,0.07547,-0.00337,0.0487,0.05595,1.568,7.216,-0.49,7.547,-0.337,4.87,5.595
1997-06-14,0.01915,0.0766,-0.02832,0.04335,-0.01985,0.03376,0.04413,0.0037,0.01545,0.06115,-0.03202,0.03965,-0.02355,0.03006,0.02868,1.545,6.115,-3.202,3.965,-2.355,3.006,2.868
1997-07-14,0.11968,0.08285,0.10987,0.17175,0.00866,0.04898,0.07652,0.0043,0.11538,-0.03253,0.10557,0.16745,0.00436,0.04468,-0.03886,11.538,-3.253,10.557,16.745,0.436,4.468,-3.886
1997-08-14,-0.06581,-0.10784,0.02222,-0.03948,-0.0495,-0.04128,-0.03624,0.0041,-0.06991,-0.03793,0.01812,-0.04358,-0.0536,-0.04538,0.03367,-6.991,-3.793,1.812,-4.358,-5.36,-4.538,3.367
1997-09-14,0.00095,0.09207,0.06673,0.04562,0.04963,0.04699,0.05846,0.0044,-0.00345,0.09552,0.06233,0.04122,0.04523,0.04259,0.06191,-0.345,9.552,6.233,4.122,4.523,4.259,6.191
1997-10-14,-0.01748,-0.05051,-0.04108,-0.07075,0.02335,-0.04098,-0.03448,0.0042,-0.02168,-0.02883,-0.04528,-0.07495,0.01915,-0.04518,-0.0128,-2.168,-2.883,-4.528,-7.495,1.915,-4.518,-1.28
1997-11-14,0.08846,0.14313,-0.04284,0.11371,0.1525,-0.00045,0.0305,0.0039,0.08456,0.05857,-0.04674,0.10981,0.1486,-0.00435,-0.05406,8.456,5.857,-4.674,10.981,14.86,-0.435,-5.406
1997-12-14,-0.08657,-0.00271,0.05804,-0.04452,0.04279,0.00307,0.01775,0.0048,-0.09137,0.08866,0.05324,-0.04932,0.03799,-0.00173,0.10912,-9.137,8.866,5.324,-4.932,3.799,-0.173,10.912
1998-01-14,0.15426,0.05622,-0.0463,-0.05615,0.08088,-0.03064,0.00453,0.0043,0.14996,-0.09374,-0.0506,-0.06045,0.07658,-0.03494,-0.14543,14.996,-9.374,-5.06,-6.045,7.658,-3.494,-14.543
1998-02-14,0.13615,0.00323,0.19849,0.05962,0.04737,0.08173,0.07322,0.0039,0.13225,-0.12902,0.19459,0.05572,0.04347,0.07783,-0.05903,13.225,-12.902,19.459,5.572,4.347,7.783,-5.903
1998-03-14,0.05605,0.11238,-0.01723,-0.00539,-0.04634,0.06078,0.05132,0.0039,0.05215,0.06023,-0.02113,-0.00929,-0.05024,0.05688,-0.00083,5.215,6.023,-2.113,-0.929,-5.024,5.688,-0.083
1998-04-14,0.00698,-0.0116,-0.00554,0.11552,0.16834,0.08041,0.01088,0.0043,0.00268,-0.01428,-0.00984,0.11122,0.16404,0.07611,0.0082,0.268,-1.428,-0.984,11.122,16.404,7.611,0.82
1998-05-14,-0.05895,-0.02128,0.07421,0.01592,-0.09082,-0.02946,-0.02573,0.004,-0.06295,0.04167,0.07021,0.01192,-0.09482,-0.03346,0.03722,-6.295,4.167,7.021,1.192,-9.482,-3.346,3.722
1998-06-14,0.27782,0.08996,-0.07043,-0.02287,-0.0723,0.01241,0.032,0.0041,0.27372,-0.18376,-0.07453,-0.02697,-0.0764,0.00831,-0.24172,27.372,-18.376,-7.453,-2.697,-7.64,0.831,-24.172
1998-07-14,0.01442,-0.01252,0.08232,0.15406,-0.01516,-0.01576,-0.02324,0.004,0.01042,-0.02294,0.07832,0.15006,-0.01916,-0.01976,-0.03366,1.042,-2.294,7.832,15.006,-1.916,-1.976,-3.366
1998-08-14,-0.12735,-0.10552,-0.18928,-0.14834,-0.20327,-0.06267,-0.15763,0.0043,-0.13165,0.02613,-0.19358,-0.15264,-0.20757,-0.06697,-0.02598,-13.165,2.613,-19.358,-15.264,-20.757,-6.697,-2.598
1998-09-14,0.14723,-0.00172,-0.05591,0.14095,-0.07517,0.07927,0.06383,0.0046,0.14263,-0.14435,-0.06051,0.13635,-0.07977,0.07467,-0.0788,14.263,-14.435,-6.051,13.635,-7.977,7.467,-7.88
1998-10-14,-0.03805,0.09976,0.15148,0.15564,0.06365,0.01416,0.07436,0.0032,-0.04125,0.14101,0.14828,0.15244,0.06045,0.01096,0.11561,-4.125,14.101,14.828,15.244,6.045,1.096,11.561
1998-11-14,0.1523,0.03286,0.11375,0.11343,0.1949,0.05284,0.062,0.0031,0.1492,-0.11634,0.11065,0.11033,0.1918,0.04974,-0.0872,14.92,-11.634,11.065,11.033,19.18,4.974,-8.72
1998-12-14,0.13678,0.1325,0.02415,0.11658,-0.06796,-0.025,0.06306,0.0038,0.13298,-0.00048,0.02035,0.11278,-0.07176,-0.0288,-0.06992,13.298,-0.048,2.035,11.278,-7.176,-2.88,-6.992
1999-01-14,0.26183,0.02819,0.25415,-0.0061,0.1,-0.03932,0.03835,0.0035,0.25833,-0.23014,0.25065,-0.0096,0.0965,-0.04282,-0.21998,25.833,-23.014,25.065,-0.96,9.65,-4.282,-21.998
1999-02-14,-0.14214,-0.0435,-0.07451,-0.07247,0.06629,-0.04665,-0.03811,0.0035,-0.14564,0.10214,-0.07801,-0.07597,0.06279,-0.05015,0.10753,-14.564,10.214,-7.801,-7.597,6.279,-5.015,10.753
1999-03-14,0.194,0.10629,0.05435,0.04418,-0.11545,0.06009,0.03787,0.0043,0.1897,-0.08341,0.05005,0.03988,-0.11975,0.05579,-0.15183,18.97,-8.341,5.005,3.988,-11.975,5.579,-15.183
1999-04-14,-0.09275,-0.04746,0.02371,0.18018,0.02008,0.17715,0.04897,0.0037,-0.09645,0.04899,0.02001,0.17648,0.01638,0.17345,0.14542,-9.645,4.899,2.001,17.648,1.638,17.345,14.542
1999-05-14,-0.00769,-0.03499,-0.07125,0.1102,-0.08268,-0.03344,-0.02074,0.0034,-0.01109,-0.0239,-0.07465,0.1068,-0.08608,-0.03684,-0.00965,-1.109,-2.39,-7.465,10.68,-8.608,-3.684,-0.965
1999-06-14,0.11774,0.11125,-0.04348,0.11422,0.05794,-0.03443,0.05096,0.004,0.11374,-0.00249,-0.04748,0.11022,0.05394,-0.03843,-0.06278,11.374,-0.249,-4.748,11.022,5.394,-3.843,-6.278
1999-07-14,-0.04851,-0.0323,-0.07386,-0.02756,-0.10548,0.02917,-0.03059,0.0038,-0.05231,0.02001,-0.07766,-0.03136,-0.10928,0.02537,0.02172,-5.231,2.001,-7.766,-3.136,-10.928,2.537,2.172
1999-08-14,0.07866,0.03039,0.09202,-0.008,0.0068,-0.00113,-0.01,0.0039,0.07476,-0.04437,0.08812,-0.0119,0.0029,-0.00503,-0.08476,7.476,-4.437,8.812,-1.19,0.29,-0.503,-8.476
1999-09-14,-0.02161,0.05876,-0.05,-0.0286,-0.06306,-0.03645,-0.02284,0.0039,-0.02551,0.08427,-0.0539,-0.0325,-0.06696,-0.04035,0.00267,-2.551,8.427,-5.39,-3.25,-6.696,-4.035,0.267
1999-10-14,0.02208,0.14286,0.11917,-0.18802,0.01923,-0.02549,0.06205,0.0039,0.01818,0.12468,0.11527,-0.19192,0.01533,-0.02939,0.04387,1.818,12.468,11.527,-19.192,1.533,-2.939,4.387
1999-11-14,-0.01637,-0.03967,0.02928,0.0502,0.05981,0.07683,0.03687,0.0036,-0.01997,-0.0197,0.02568,0.0466,0.05621,0.07323,0.05684,-1.997,-1.97,2.568,4.66,5.621,7.323,5.684
1999-12-14,0.28231,0.19239,0.00955,0.04669,0.04933,0.01576,0.0839,0.0044,0.27791,-0.08552,0.00515,0.04229,0.04493,0.01136,-0.19401,27.791,-8.552,0.515,4.229,4.493,1.136,-19.401
2000-01-14,-0.16167,-0.13651,0.10834,0.04056,0.24145,0.03569,-0.03977,0.0041,-0.16577,0.02926,0.10424,0.03646,0.23735,0.03159,0.126,-16.577,2.926,10.424,3.646,23.735,3.159,12.6
2000-02-14,-0.08685,-0.00935,-0.04965,-0.08356,-0.07745,-0.0921,0.03178,0.0043,-0.09115,0.0818,-0.05395,-0.08786,-0.08175,-0.0964,0.12293,-9.115,8.18,-5.395,-8.786,-8.175,-9.64,12.293
2000-03-14,0.18881,0.17873,0.08874,0.14842,0.23134,0.03485,0.05353,0.0047,0.18411,-0.00538,0.08404,0.14372,0.22664,0.03015,-0.13058,18.411,-0.538,8.404,14.372,22.664,3.015,-13.058
2000-04-14,-0.34353,0.01044,0.13057,-0.05508,0.05,-0.00321,-0.05949,0.0046,-0.34813,0.35857,0.12597,-0.05968,0.0454,-0.00781,0.28864,-34.813,35.857,12.597,-5.968,4.54,-0.781,28.864
2000-05-14,-0.10305,0.00517,-0.24032,-0.03583,-0.03175,0.07807,-0.03905,0.005,-0.10805,0.11322,-0.24532,-0.04083,-0.03675,0.07307,0.069,-10.805,11.322,-24.532,-4.083,-3.675,7.307,6.9
2000-06-14,0.27872,0.00593,-0.17788,0.02037,-0.07452,-0.05776,0.05168,0.004,0.27472,-0.26879,-0.18188,0.01637,-0.07852,-0.06176,-0.22304,27.472,-26.879,-18.188,1.637,-7.852,-6.176,-22.304
2000-07-14,-0.12734,-0.0269,-0.01938,0.02624,-0.00322,0.01911,-0.01711,0.0048,-0.13214,0.10524,-0.02418,0.02144,-0.00802,0.01431,0.11503,-13.214,10.524,-2.418,2.144,-0.802,1.431,11.503
2000-08-14,0,0.14095,0.27662,0.17514,0.00646,0.02581,0.07636,0.005,-0.005,0.14595,0.27162,0.17014,0.00146,0.02081,0.08136,-0.5,14.595,27.162,17.014,0.146,2.081,8.136
2000-09-14,-0.13608,-0.01471,-0.09957,-0.14773,-0.01766,0.09188,-0.05112,0.0051,-0.14118,0.12647,-0.10467,-0.15283,-0.02276,0.08678,0.09006,-14.118,12.647,-10.467,-15.283,-2.276,8.678,9.006
2000-10-14,0.14197,-0.04984,-0.04423,-0.12444,-0.06373,7.00E-04,-0.02455,0.0056,0.13637,-0.18621,-0.04983,-0.13004,-0.06933,-0.0049,-0.16092,13.637,-18.621,-4.983,-13.004,-6.933,-0.49,-16.092
2000-11-14,-0.16697,-0.09578,-0.19517,-0.04944,-0.19197,-0.00838,-0.10254,0.0051,-0.17207,0.07629,-0.20027,-0.05454,-0.19707,-0.01348,0.06953,-17.207,7.629,-20.027,-5.454,-19.707,-1.348,6.953
2000-12-14,-0.24401,-0.02956,0.02904,-0.09091,0.00726,-0.01207,0.02033,0.005,-0.24901,0.21945,0.02404,-0.09591,0.00226,-0.01707,0.26934,-24.901,21.945,2.404,-9.591,0.226,-1.707,26.934
2001-01-14,0.40778,-0.04083,0.05423,0.31765,0.05227,-0.03206,0.03954,0.0054,0.40238,-0.44321,0.04883,0.31225,0.04687,-0.03746,-0.36284,40.238,-44.321,4.883,31.225,4.687,-3.746,-36.284
2001-02-14,-0.03378,0.01131,0.00223,-0.10687,0.01642,-0.03161,-0.09927,0.0039,-0.03768,0.04899,-0.00167,-0.11077,0.01252,-0.03551,-0.06159,-3.768,4.899,-0.167,-11.077,1.252,-3.551,-6.159
2001-03-14,-0.07309,-0.09634,-0.02757,-0.03724,-0.07593,-0.00062,-0.07031,0.0044,-0.07749,-0.01885,-0.03197,-0.04164,-0.08033,-0.00502,0.00718,-7.749,-1.885,-3.197,-4.164,-8.033,-0.502,0.718
2001-04-14,0.23886,0.15934,0.05709,0.19713,0.05769,0.09383,0.08392,0.0039,0.23496,-0.07562,0.05319,0.19323,0.05379,0.08993,-0.15104,23.496,-7.562,5.319,19.323,5.379,8.993,-15.104
2001-05-14,0.02111,0.00968,0.04725,-0.02779,0.04529,0.00666,0.01056,0.0032,0.01791,-0.00823,0.04405,-0.03099,0.04209,0.00346,-0.00735,1.791,-0.823,4.405,-3.099,4.209,0.346,-0.735
2001-06-14,0.05522,-0.0051,0.13093,0.01073,-0.08634,-0.01555,-0.01748,0.0028,0.05242,-0.05752,0.12813,0.00793,-0.08914,-0.01835,-0.0699,5.242,-5.752,12.813,0.793,-8.914,-1.835,-6.99
2001-07-14,-0.09329,-0.10441,-0.01166,-0.06894,-0.08792,-0.04385,-0.01834,0.003,-0.09629,-0.00812,-0.01466,-0.07194,-0.09092,-0.04685,0.07795,-9.629,-0.812,-1.466,-7.194,-9.092,-4.685,7.795
2001-08-14,-0.13809,-0.05793,-0.13129,-0.04866,-0.03491,-0.03305,-0.0591,0.0031,-0.14119,0.08326,-0.13439,-0.05176,-0.03801,-0.03615,0.08209,-14.119,8.326,-13.439,-5.176,-3.801,-3.615,8.209
2001-09-14,-0.10307,-0.08834,-0.21644,-0.08234,-0.26779,-0.01868,-0.09152,0.0028,-0.10587,0.01753,-0.21924,-0.08514,-0.27059,-0.02148,0.01435,-10.587,1.753,-21.924,-8.514,-27.059,-2.148,1.435
2001-10-14,0.13641,-0.02124,-0.03683,0.17826,-0.00161,0.00127,0.02799,0.0022,0.13421,-0.15545,-0.03903,0.17606,-0.00381,-0.00093,-0.10622,13.421,-15.545,-3.903,17.606,-0.381,-0.093,-10.622
2001-11-14,0.10421,0.0574,0.21491,0.07088,0.10113,-0.04613,0.07873,0.0017,0.10251,-0.04511,0.21321,0.06918,0.09943,-0.04783,-0.02378,10.251,-4.511,21.321,6.918,9.943,-4.783,-2.378
2001-12-14,0.03177,0.04571,-0.02213,0.04646,0.02247,0.0508,0.01782,0.0015,0.03027,0.01544,-0.02363,0.04496,0.02097,0.0493,-0.01245,3.027,1.544,-2.363,4.496,2.097,4.93,-1.245
2002-01-14,-0.03834,-0.0731,0.05226,-0.10805,0.01641,-0.00636,-0.01609,0.0015,-0.03984,-0.03326,0.05076,-0.10955,0.01491,-0.00786,0.02375,-3.984,-3.326,5.076,-10.955,1.491,-0.786,2.375
2002-02-14,-0.08429,0.04118,0.04576,-0.08926,0.09212,0.06351,-0.02173,0.0015,-0.08579,0.12697,0.04426,-0.09076,0.09062,0.06201,0.06406,-8.579,12.697,4.426,-9.076,9.062,6.201,6.406
2002-03-14,0.03377,-0.02727,0.141,0.05993,0.00348,0.06126,0.04469,0.0015,0.03227,-0.05954,0.1395,0.05843,0.00198,0.05976,0.01242,3.227,-5.954,13.95,5.843,0.198,5.976,1.242
2002-04-14,-0.13348,-0.15754,0.06121,-0.19462,0.00433,-0.0835,-0.04966,0.0015,-0.13498,-0.02256,0.05971,-0.19612,0.00283,-0.085,0.08532,-13.498,-2.256,5.971,-19.612,0.283,-8.5,8.532
2002-05-14,-0.02583,-0.013,-0.02338,-0.03773,-0.01165,-0.00025,-0.01045,0.0015,-0.02733,0.01433,-0.02488,-0.03923,-0.01315,-0.00175,0.01688,-2.733,1.433,-2.488,-3.923,-1.315,-0.175,1.688
2002-06-14,0.07445,-0.06134,-0.13998,-0.10503,-0.17503,0.02479,-0.07025,0.0015,0.07295,-0.13429,-0.14148,-0.10653,-0.17653,0.02329,-0.1432,7.295,-13.429,-14.148,-10.653,-17.653,2.329,-14.32
2002-07-14,-0.12285,0.10843,-0.12909,-0.02222,-0.0619,-0.10166,-0.08113,0.0015,-0.12435,0.23278,-0.13059,-0.02372,-0.0634,-0.10316,0.04322,-12.435,23.278,-13.059,-2.372,-6.34,-10.316,4.322
2002-08-14,0.02293,-0.06366,0.03888,0.07287,-0.11562,-0.02938,0.00799,0.0014,0.02153,-0.08519,0.03748,0.07147,-0.11702,-0.03078,-0.01354,2.153,-8.519,3.748,7.147,-11.702,-3.078,-1.354
2002-09-14,-0.1088,-0.17645,-0.18721,-0.22645,-0.03444,-0.10014,-0.09997,0.0014,-0.1102,-0.06625,-0.18861,-0.22785,-0.03584,-0.10154,0.01023,-11.02,-6.625,-18.861,-22.785,-3.584,-10.154,1.023
2002-10-14,0.22245,0.02434,-0.14524,0.3538,0.10304,0.05517,0.07495,0.0014,0.22105,-0.19671,-0.14664,0.3524,0.10164,0.05377,-0.1461,22.105,-19.671,-14.664,35.24,10.164,5.377,-14.61
2002-11-14,0.07874,0.07406,0.20902,0.10299,0.18683,0.0407,0.06127,0.0012,0.07754,-0.00348,0.20782,0.10179,0.18563,0.0395,-0.01627,7.754,-0.348,20.782,10.179,18.563,3.95,-1.627
2002-12-14,-0.10368,-0.09513,-0.07154,-0.10838,-0.1665,0.00402,-0.05331,0.0011,-0.10478,0.00965,-0.07264,-0.10948,-0.1676,0.00292,0.05147,-10.478,0.965,-7.264,-10.948,-16.76,0.292,5.147
2003-01-14,-0.08201,-0.04969,-0.01438,0.00903,0.07296,-0.02261,-0.02344,0.001,-0.08301,0.03332,-0.01538,0.00803,0.07196,-0.02361,0.05957,-8.301,3.332,-1.538,0.803,7.196,-2.361,5.957
2003-02-14,0.00211,0.04754,-0.0567,-0.00128,-0.02514,0.00293,-0.01541,9.00E-04,0.00121,0.04633,-0.0576,-0.00218,-0.02604,0.00203,-0.01662,0.121,4.633,-5.76,-0.218,-2.604,0.203,-1.662
2003-03-14,0.02152,0.06029,-0.00444,0.00616,-0.00234,0.02734,0.01034,0.001,0.02052,0.03977,-0.00544,0.00516,-0.00334,0.02634,-0.01018,2.052,3.977,-0.544,0.516,-0.334,2.634,-1.018
2003-04-14,0.05576,0.1549,0.07228,0.08249,0.09636,0.00715,0.08281,0.001,0.05476,0.10014,0.07128,0.08149,0.09536,0.00615,0.02805,5.476,10.014,7.128,8.149,9.536,0.615,2.805
2003-05-14,-0.03717,-0.02547,-0.0061,0.03887,0.05305,0.04119,0.06351,9.00E-04,-0.03807,0.0126,-0.007,0.03797,0.05215,0.04029,0.10158,-3.807,1.26,-0.7,3.797,5.215,4.029,10.158
2003-06-14,0.04185,0.00592,0.01896,-0.06293,0.00509,-0.01346,0.01634,0.001,0.04085,-0.03493,0.01796,-0.06393,0.00409,-0.01446,-0.02451,4.085,-3.493,1.796,-6.393,0.409,-1.446,-2.451
2003-07-14,0.03003,-0.00837,0.03972,-0.01515,0.10987,-0.00919,0.02313,7.00E-04,0.02933,-0.0377,0.03902,-0.01585,0.10917,-0.00989,-0.0062,2.933,-3.77,3.902,-1.585,10.917,-0.989,-0.62
2003-08-14,0.00417,0.03973,0.11141,0.01132,-0.06478,0.06661,0.02491,7.00E-04,0.00347,0.03626,0.11071,0.01062,-0.06548,0.06591,0.02144,0.347,3.626,11.071,1.062,-6.548,6.591,2.144
2003-09-14,0.04827,0.01454,-0.00414,0.07706,-0.0161,-0.02918,-0.0091,8.00E-04,0.04747,-0.03293,-0.00494,0.07626,-0.0169,-0.02998,-0.05657,4.747,-3.293,-0.494,7.626,-1.69,-2.998,-5.657
2003-10-14,-0.05396,-0.02684,0.04251,0.01302,0.12246,-0.00055,0.06034,7.00E-04,-0.05466,0.02782,0.04181,0.01232,0.12176,-0.00125,0.115,-5.466,2.782,4.181,1.232,12.176,-0.125,11.5
2003-11-14,-0.01645,-0.01172,0.0143,0.01363,0.01988,-0.00355,0.01661,7.00E-04,-0.01715,0.00543,0.0136,0.01293,0.01918,-0.00425,0.03376,-1.715,0.543,1.36,1.293,1.918,-0.425,3.376
2003-12-14,0.06457,0.08755,0.24825,0.02364,0.01949,0.1326,0.04553,8.00E-04,0.06377,0.02378,0.24745,0.02284,0.01869,0.1318,-0.01824,6.377,2.378,24.745,2.284,1.869,13.18,-1.824
2004-01-14,0.01023,0.08554,-0.06966,0.07067,0.02872,-0.00512,0.02307,7.00E-04,0.00953,0.07601,-0.07036,0.06997,0.02802,-0.00582,0.01354,0.953,7.601,-7.036,6.997,2.802,-0.582,1.354
2004-02-14,-0.04051,-0.02706,-0.02134,-0.0259,0.10542,0.03996,0.01547,6.00E-04,-0.04111,0.01405,-0.02194,-0.0265,0.10482,0.03936,0.05658,-4.111,1.405,-2.194,-2.65,10.482,3.936,5.658
2004-03-14,-0.06031,-0.0615,-0.0212,-0.04829,-0.05805,-0.01375,-0.01069,9.00E-04,-0.06121,-0.00029,-0.0221,-0.04919,-0.05895,-0.01465,0.05052,-6.121,-0.029,-2.21,-4.919,-5.895,-1.465,5.052
2004-04-14,0.04813,-0.01868,0.00679,-0.03996,-0.07843,0.02308,-0.02421,8.00E-04,0.04733,-0.06601,0.00599,-0.04076,-0.07923,0.02228,-0.07154,4.733,-6.601,0.599,-4.076,-7.923,2.228,-7.154
2004-05-14,0.00383,0.03907,-0.03226,0.00681,0.01911,0.0228,0.01412,6.00E-04,0.00323,0.03584,-0.03286,0.00621,0.01851,0.0222,0.01089,0.323,3.584,-3.286,0.621,1.851,2.22,1.089
2004-06-14,0.08883,0.04756,0.02644,-0.00497,0.08607,0.02682,0.02157,8.00E-04,0.08803,-0.04047,0.02564,-0.00577,0.08527,0.02602,-0.06646,8.803,-4.047,2.564,-0.577,8.527,2.602,-6.646
2004-07-14,-0.00245,0.02623,-0.07405,-0.01225,-0.09415,0.04256,-0.03768,0.001,-0.00345,0.02968,-0.07505,-0.01325,-0.09515,0.04156,-0.03423,-0.345,2.968,-7.505,-1.325,-9.515,4.156,-3.423
2004-08-14,-0.03896,-0.01383,-0.03083,-0.02527,-0.02772,0.00151,0.00271,0.0011,-0.04006,0.02623,-0.03193,-0.02637,-0.02882,0.00041,0.04277,-4.006,2.623,-3.193,-2.637,-2.882,0.041,4.277
2004-09-14,0.01282,0.03019,0.02832,0.0124,0.00445,0.04837,0.02056,0.0011,0.01172,0.01847,0.02722,0.0113,0.00335,0.04727,0.00884,1.172,1.847,2.722,1.13,0.335,4.727,0.884
2004-10-14,0.01157,0.01608,-0.09251,0.04677,0.1184,0.01842,0.0178,0.0011,0.01047,0.00561,-0.09361,0.04567,0.1173,0.01732,0.00733,1.047,0.561,-9.361,4.567,11.73,1.732,0.733
2004-11-14,0.06864,0.03634,0.01401,0.05203,0.06582,0.04673,0.04826,0.0015,0.06714,-0.0308,0.01251,0.05053,0.06432,0.04523,-0.01888,6.714,-3.08,1.251,5.053,6.432,4.523,-1.888
2004-12-14,-0.00336,0.03846,0.03809,0.04605,0.04315,2.00E-04,0.03518,0.0016,-0.00496,0.04342,0.03649,0.04445,0.04155,-0.0014,0.04014,-0.496,4.342,3.649,4.445,4.155,-0.14,4.014
