id_hh,전력소비량,주택면적,(더미)주택종류,(더미)준공연도,외벽수,거주층수,방수,(더미)전월년 동월 전기요금 확인,가구원수,(더미)월평균소득,도시여부
HH13110253,3364,125.4,3,4,2,9,4,2,5,3,1
HH14110055,4189,158.4,2,3,5,1,3,,4,2,1
HH13110254,5313,264,1,2,6,2,5,2,5,3,1
HH14110057,3333,62.7,1,3,5,1,3,1,1,2,1
HH17110001,3395,132,1,6,4,1,3,1,3,3,1
HH18110236,4340,99,2,5,4,3,3,,3,2,1
HH18110122,3808,112.2,1,3,5,1,3,2,4,4,1
HH18110119,2429,99,1,3,4,1,3,2,2,2,1
HH13110255,3394,99,2,4,5,2,2,2,4,4,1
HH11110023,3907,122.1,1,2,6,1,4,1,5,1,1
HH13110257,3310,102.3,1,2,5,1,2,1,2,1,1
HH18110114,5833,112.2,3,5,3,19,3,3,4,4,1
HH13110233,6172,112.2,3,4,4,1,3,1,6,3,1
HH11110021,4663,125.4,1,2,5,1,4,,4,3,1
HH11110022,3568,85.8,1,3,5,1,3,,2,1,1
HH13110234,3439,82.5,3,4,3,17,3,1,4,2,1
HH17110004,1640,66,2,4,4,3,2,1,2,4,1
HH18110063,3743,99,2,4,3,3,3,1,4,4,1
HH18110005,4681,99,1,4,5,1,3,1,4,3,1
HH18110008,2747,82.5,1,4,4,1,3,3,2,2,1
HH18110015,2987,89.1,1,4,4,1,3,,2,1,1
HH18110208,2877,59.4,2,6,3,2,3,2,2,2,1
HH18110040,3670,69.3,1,4,5,2,3,,4,3,1
HH18110045,3394,99,1,5,5,1,3,1,4,3,1
HH18110200,3209,82.5,2,5,5,4,3,,4,3,1
HH18110052,3003,66,1,5,4,2,2,,5,3,1
HH18110036,1649,66,2,5,4,0,2,1,4,3,1
HH18110056,2980,49.5,1,4,4,2,3,1,3,2,1
HH18110081,3603,66,1,4,4,2,2,1,3,2,1
HH18110202,2048,79.2,3,5,2,4,2,1,2,3,1
HH18110124,3186,105.6,1,4,5,1,3,1,3,4,1
HH18110201,2412,42.9,2,4,4,3,2,1,3,3,1
HH18110018,4814,82.5,3,6,3,1,3,1,5,3,1
HH18110118,3221,82.5,2,4,4,0,3,2,4,4,1
HH18110120,3361,132,1,5,5,2,4,,4,3,1
HH18110121,3136,132,2,3,4,5,3,1,4,4,1
HH18110126,3469,69.3,2,4,5,0,2,1,4,3,1
HH18110128,3003,66,2,5,3,4,2,1,4,4,1
HH18110130,2722,122.1,2,3,3,2,3,2,4,3,1
HH18110003,4523,92.4,1,2,6,1,4,1,2,3,1
HH18110006,3275,46.2,1,4,5,2,2,2,4,2,1
HH18110009,3297,59.4,1,4,5,2,3,1,6,2,1
HH18110012,2257,52.8,1,2,4,1,2,2,4,3,1
HH18110023,1967,132,1,3,4,0,2,4,2,2,1
HH18110026,4775,92.4,2,4,4,3,4,3,4,3,1
HH18110030,4323,105.6,2,6,3,4,3,1,3,2,1
HH18110034,3320,75.9,3,6,5,6,3,2,3,3,1
HH18110039,3770,99,2,3,5,3,3,1,4,3,1
HH18110116,3267,108.9,2,5,4,3,3,1,4,3,1
HH13110105,3242,95.7,3,6,3,14,3,,5,3,1
HH13110107,3213,49.5,3,5,4,25,2,,4,4,1
HH13110108,1939,108.9,3,4,3,3,3,3,4,2,1
HH13110110,4040,82.5,3,5,2,10,3,1,4,3,1
HH13110118,4068,108.9,3,5,3,14,3,1,4,3,1
HH17110013,3966,105.6,3,6,2,6,3,2,4,2,1
HH17110014,3394,99,2,5,3,4,3,1,2,3,1
HH17110015,4866,108.9,3,5,3,1,3,1,6,3,1
HH17110018,3669,62.7,2,3,4,3,3,2,4,2,1
HH17110020,3991,138.6,3,5,3,11,4,1,4,4,1
HH17110023,4970,112.2,3,5,3,12,3,1,3,3,1
HH17110025,3630,138.6,3,4,2,10,4,1,1,1,1
HH18110168,3699,108.9,3,5,3,6,3,2,4,4,1
HH18110172,3387,39.6,1,5,4,1,1,1,2,2,1
HH18110174,3003,66,3,6,3,7,2,1,1,1,1
HH18110175,4491,75.9,3,5,2,8,3,1,2,1,1
HH18110176,4982,145.2,3,5,3,7,4,1,2,4,1
HH18110055,4304,115.5,3,4,2,16,3,1,4,4,1
HH18110060,3395,132,3,5,2,13,4,4,4,3,1
HH18110062,3695,102.3,3,5,3,5,3,,2,1,1
HH18110067,2428,135.3,3,5,3,8,4,1,5,4,1
HH18110068,3745,112.2,3,5,3,15,3,1,4,3,1
HH18110070,1691,79.2,2,6,4,4,3,1,1,2,1
HH18110074,3680,89.1,2,4,3,2,3,1,2,2,1
HH13110261,2333,72.6,2,5,4,2,3,,5,4,1
HH12110028,3350,56.1,2,5,5,2,2,,3,2,1
HH13110264,4067,108.9,3,6,3,15,3,,3,4,1
HH17110028,3507,95.7,2,3,5,3,3,,3,2,1
HH17110030,3577,82.5,1,3,4,2,3,1,1,1,1
HH17110031,2466,49.5,1,4,5,1,2,,1,1,1
HH18110237,3583,112.2,3,5,3,8,3,3,3,3,1
HH18110076,6109,66,2,5,4,3,3,1,4,2,1
HH18110238,2331,105.6,3,4,4,1,3,,5,3,1
HH18110082,5361,49.5,2,6,4,2,2,1,5,2,1
HH13110179,1886,52.8,1,5,5,2,2,2,4,1,1
HH13110180,2790,69.3,1,5,4,2,2,1,4,3,1
HH12110015,3896,75.9,1,1,4,1,3,2,4,2,1
HH14110034,1449,59.4,3,3,5,7,2,2,1,1,1
HH13110194,5117,99,3,5,2,5,3,2,4,3,1
HH14110038,3879,52.8,1,1,6,1,2,2,2,1,1
HH13110199,3027,108.9,3,5,3,4,3,4,4,4,1
HH13110200,1861,102.3,3,5,2,11,3,3,4,3,1
HH17110033,3280,99,1,5,5,4,3,1,2,3,1
HH13110190,3976,141.9,3,5,3,3,4,1,4,3,1
HH18110041,4195,85.8,1,4,5,2,3,2,3,2,1
HH18110203,3243,79.2,1,4,4,1,3,,3,3,1
HH18110046,2840,79.2,2,3,3,2,2,2,4,3,1
HH18110050,3946,99,1,4,5,3,3,2,3,2,1
HH18110053,5157,66,1,3,6,1,3,2,4,3,1
HH18110049,3895,79.2,3,4,2,7,3,2,4,3,1
HH18110205,4130,105.6,3,4,4,1,3,,3,2,1
HH18110206,4588,115.5,2,5,5,4,3,1,3,4,1
HH18110207,3181,79.2,1,5,5,1,3,,2,2,1
HH18110209,5242,79.2,1,5,6,1,3,2,3,2,1
HH18110210,2612,66,1,4,5,1,2,2,3,2,1
HH18110211,3838,92.4,1,4,4,2,3,2,3,3,1
HH18110087,3541,82.5,1,5,4,1,2,2,2,2,1
HH18110094,4150,79.2,2,4,3,2,3,2,4,3,1
HH18110096,3854,108.9,1,5,5,2,3,2,4,4,1
HH18110204,3671,92.4,3,4,3,6,3,3,3,3,1
HH18110090,3716,82.5,1,4,4,1,2,2,4,2,1
HH18110085,3181,79.2,1,5,4,2,3,1,3,3,1
HH18110083,3915,92.4,2,4,4,2,3,1,4,3,1
HH18110088,3915,56.1,2,4,3,2,3,1,4,3,1
HH18110079,5359,99,3,5,2,5,3,1,4,3,1
HH18110091,1775,42.9,2,3,3,2,2,2,2,2,1
HH14110023,4818,59.4,3,4,2,13,2,3,4,3,1
HH14110024,4717,59.4,3,4,3,15,2,1,3,2,1
HH17110040,3209,82.5,3,3,3,14,2,3,2,3,1
HH18110066,3209,82.5,3,5,2,7,3,1,4,1,1
HH18110164,2404,59.4,3,4,2,7,1,2,4,2,1
HH18110166,3583,112.2,3,5,3,16,3,1,4,3,1
HH18110029,2680,171.6,2,5,4,4,3,3,4,2,1
HH18110092,2481,108.9,3,5,3,21,3,1,4,3,1
HH18110093,3028,69.3,3,4,2,13,2,1,4,2,1
HH18110095,3452,49.5,3,4,2,13,1,2,3,2,1
HH18110073,516,36.3,3,4,3,12,1,2,1,1,1
HH13110084,3163,82.5,1,5,3,3,3,,4,3,1
HH13110090,3166,69.3,3,4,3,2,2,3,5,3,1
HH17110046,444,26.4,1,3,6,1,1,,1,1,1
HH17110048,2526,72.6,1,1,6,1,2,2,3,2,1
HH17110050,1890,33,1,1,6,1,1,,1,1,1
HH17110051,3394,99,2,4,3,1,2,2,5,1,1
HH17110053,3258,66,1,5,6,1,3,3,1,2,1
HH17110054,2024,33,1,1,6,1,1,,1,1,1
HH17110056,2617,49.5,1,1,6,1,2,,2,1,1
HH17110057,3428,39.6,1,1,6,1,2,,1,1,1
HH18110151,3209,82.5,3,4,3,15,3,3,4,3,1
HH18110153,3217,79.2,3,4,3,11,2,3,4,4,1
HH18110154,3250,79.2,3,4,2,5,2,,4,2,1
HH18110155,3216,59.4,3,4,3,9,2,,4,2,1
HH18110159,3377,59.4,3,4,3,12,2,2,4,2,1
HH18110021,3697,82.5,3,4,3,1,3,,4,3,1
HH18110025,3044,66,2,4,2,3,2,1,5,2,1
HH18110028,2316,59.4,2,5,3,1,3,1,4,2,1
HH18110032,2558,52.8,2,3,3,3,2,2,3,3,1
HH18110038,3909,49.5,1,1,6,1,3,2,4,1,1
HH18110042,2420,33,1,1,6,1,1,2,1,1,1
HH18110048,2295,29.7,1,1,6,1,1,,1,1,1
HH18110051,4377,66,2,3,2,2,2,1,2,3,1
HH18110054,3003,66,2,4,2,3,2,1,4,2,1
HH18110059,1892,42.9,1,5,3,1,2,2,2,1,1
HH18110163,1479,82.5,3,4,3,3,2,1,4,3,1
HH18110098,3519,79.2,3,4,2,7,2,,4,3,1
HH18110099,2294,59.4,2,4,5,4,2,2,3,3,1
HH18110101,3591,79.2,3,4,2,7,2,2,4,3,1
HH18110016,2301,49.5,3,4,3,14,2,1,4,2,1
HH18110158,3209,82.5,3,4,2,5,2,1,4,2,1
HH18110103,2882,59.4,2,4,3,1,2,3,4,4,1
HH18110105,3394,99,2,4,2,2,2,2,4,4,1
HH18110107,651,59.4,2,4,3,1,3,1,5,2,1
HH18110109,2744,82.5,3,5,2,8,3,1,3,2,1
HH18110112,2412,42.9,3,5,2,3,2,3,3,3,1
HH18110235,4053,108.9,3,4,4,1,3,2,5,3,1
HH18110117,1977,66,2,6,3,4,3,1,4,2,1
HH13110239,3162,132,3,6,3,10,3,,4,3,1
HH14110047,4259,118.8,1,4,5,2,3,1,4,2,1
HH13110240,3684,99,2,6,4,5,3,1,4,3,1
HH13110241,3378,79.2,3,6,3,3,3,1,5,4,1
HH13110242,2440,59.4,1,3,6,1,3,3,4,4,1
HH13110244,5476,145.2,3,6,3,3,3,1,5,3,1
HH14110049,3877,99,2,5,5,1,3,1,4,2,1
HH13110252,2960,108.9,3,5,3,2,3,1,4,4,1
HH18110104,4279,151.8,1,4,6,1,3,,2,3,1
HH18110227,4813,132,2,5,3,2,3,2,4,2,1
HH18110228,1643,92.4,1,3,5,2,2,2,2,1,1
HH18110108,3470,79.2,2,4,5,4,2,,2,2,1
HH18110229,4282,161.7,2,6,3,3,3,2,2,2,1
HH18110111,4801,145.2,3,6,3,6,4,,5,3,1
HH18110230,2978,99,3,2,3,4,3,2,2,2,1
HH18110231,2661,99,1,6,5,3,3,,2,3,1
HH18110232,4111,82.5,1,3,6,1,3,,3,2,1
HH18110233,1543,85.8,3,3,2,11,2,,2,2,1
HH18110234,3435,102.3,3,4,2,4,3,,2,2,1
HH18110123,3042,59.4,2,5,4,4,2,,3,2,1
HH18110125,3511,108.9,3,5,3,4,3,1,2,4,1
HH18110193,3751,82.5,1,3,6,1,3,,2,2,1
HH14110030,3789,79.2,2,5,3,3,3,,4,3,1
HH13110144,2327,161.7,3,5,3,17,4,2,3,3,1
HH13110145,3680,66,1,3,6,1,3,,5,3,1
HH13110150,2615,108.9,3,6,3,3,3,2,4,2,1
HH18110194,3615,141.9,3,5,3,8,4,,2,2,1
HH18110080,3563,105.6,1,4,6,1,3,,2,2,1
HH13110139,5020,158.4,3,4,2,15,4,2,4,3,1
HH13110140,3566,72.6,3,5,2,8,2,1,2,1,1
HH17110062,2854,82.5,3,5,3,3,2,,3,2,1
HH17110063,3583,112.2,3,6,2,3,3,1,4,3,1
HH17110065,4788,108.9,3,6,3,35,3,2,2,3,1
HH18110191,4065,105.6,3,5,3,7,3,2,4,4,1
HH18110043,3962,79.2,2,5,3,2,3,1,4,3,1
HH18110127,4700,112.2,3,6,2,11,3,3,3,3,1
HH18110129,4617,105.6,3,5,3,3,3,3,4,4,1
HH18110221,3646,141.9,3,4,2,17,4,1,4,4,1
HH18110133,1519,49.5,1,4,5,3,2,2,3,1,1
HH13110214,3606,115.5,3,5,3,5,3,,4,3,1
HH13110216,2231,85.8,3,3,2,6,2,3,4,4,1
HH13110217,4176,108.9,3,5,3,8,3,2,3,4,1
HH13110219,3299,56.1,2,5,3,3,2,2,4,3,1
HH13110222,2729,66,3,5,3,9,2,3,3,3,1
HH15110009,2182,66,3,3,3,1,2,1,4,3,1
HH17110067,4116,112.2,3,3,2,3,3,3,4,4,1
HH13110220,2915,66,3,4,2,4,2,2,4,2,1
HH17110068,3826,89.1,3,3,2,12,3,3,5,3,1
HH17110069,3306,82.5,3,5,2,8,2,2,5,3,1
HH13110065,2739,99,3,6,2,11,3,1,4,2,1
HH18110097,5549,69.3,3,4,2,9,2,3,4,4,1
HH18110222,3290,138.6,3,5,2,3,4,3,4,2,1
HH18110014,3071,89.1,3,4,2,4,3,3,4,3,1
HH18110033,3792,99,1,5,4,2,3,2,4,4,1
HH18110140,2989,82.5,3,5,2,4,3,2,3,2,1
HH18110135,3142,89.1,3,3,3,5,3,4,3,4,1
HH18110192,3125,82.5,3,3,3,1,2,2,4,4,1
HH18110086,4241,79.2,2,5,4,4,3,2,4,2,1
HH13110038,1747,82.5,1,4,6,1,3,2,2,2,1
HH15110003,4007,132,2,5,4,4,3,2,4,2,1
HH13110039,3826,112.2,2,5,3,4,3,2,4,2,1
HH17110070,1490,82.5,3,6,3,5,3,2,2,3,1
HH17110071,2855,79.2,3,4,2,8,3,2,4,4,1
HH17110072,3332,82.5,2,3,3,1,2,2,4,4,1
HH13110138,4954,165,3,6,3,12,4,,4,3,1
HH17110074,3463,99,1,3,6,1,3,3,4,3,1
HH17110075,3738,115.5,3,6,2,5,3,,3,2,1
HH17110076,4562,105.6,3,4,2,6,3,2,2,1,1
HH18110089,5663,69.3,3,4,3,9,2,3,4,3,1
HH18110084,4211,105.6,3,5,2,3,3,1,4,4,1
HH15110005,5565,112.2,3,5,3,4,3,1,4,4,1
HH13110073,2625,79.2,3,6,3,4,3,1,3,3,1
HH17110077,2911,151.8,1,2,5,2,2,,2,2,1
HH18110019,2431,72.6,2,5,3,3,3,3,4,2,1
HH18110131,2915,82.5,2,4,3,3,3,2,4,3,1
HH18110017,3209,82.5,1,4,5,3,3,3,2,2,1
HH18110132,3229,75.9,3,5,2,13,3,2,4,3,1
HH18110134,4950,105.6,3,5,3,20,3,3,2,3,1
HH18110136,2631,105.6,3,5,2,4,3,1,5,3,1
HH18110010,2694,56.1,1,4,5,3,2,2,4,2,1
HH18110013,3123,59.4,1,4,4,3,2,1,2,2,1
HH18110024,2601,62.7,1,4,4,2,2,2,2,2,1
HH18110137,2911,92.4,1,4,5,3,3,3,4,2,1
HH18110138,2915,75.9,3,5,2,4,2,2,3,4,1
HH18110139,2620,99,3,5,2,18,3,,4,3,1
HH13110078,1862,66,3,3,3,3,2,1,3,2,1
HH13110080,3488,59.4,3,5,3,4,2,1,4,3,1
HH13110081,4991,105.6,3,5,3,2,3,,4,3,1
HH13110077,4121,115.5,1,4,4,3,4,1,2,3,1
HH18110147,4730,82.5,2,6,4,4,3,1,2,3,1
HH18110022,2849,69.3,3,5,3,4,3,1,4,2,1
HH18110141,4660,105.6,3,5,3,4,3,1,5,4,1
HH13110228,2965,125.4,3,5,3,6,3,3,2,2,1
HH13110231,3870,148.5,3,6,3,6,4,1,4,4,1
HH13110232,4221,115.5,3,6,3,42,3,1,4,3,1
HH18110224,3581,108.9,3,5,3,16,3,2,5,3,1
HH18110226,3642,112.2,3,6,2,12,3,1,4,3,1
HH18110223,3776,112.2,3,5,2,3,3,1,3,2,1
HH18110145,3880,112.2,3,5,3,2,3,1,4,3,1
HH18110146,3394,99,1,4,6,1,3,1,3,3,1
HH18110148,3003,66,1,4,4,2,2,1,3,2,1
HH18110142,3445,89.1,1,1,6,1,2,1,2,1,1
HH18110143,3003,66,1,4,4,3,3,1,3,3,1
HH14110025,3039,66,1,3,3,1,3,2,4,2,1
HH14110028,2828,59.4,1,3,5,1,2,3,4,2,1
HH18110144,3340,112.2,3,4,3,3,3,1,4,4,1
HH13110133,4190,108.9,2,4,5,4,3,,4,2,1
HH17110086,3034,39.6,1,4,3,0,2,,3,2,1
HH17110087,3459,148.5,3,4,3,7,4,,5,4,1
HH13110132,2126,49.5,1,3,5,1,2,,3,1,1
HH17110088,3366,92.4,2,4,3,2,3,3,4,3,1
HH17110090,3396,105.6,3,4,3,15,3,,3,4,1
HH17110092,2904,102.3,3,5,3,9,3,3,3,2,1
HH17110093,2230,105.6,3,4,3,11,3,,1,1,1
HH17110094,2576,105.6,3,4,3,8,3,,3,3,1
HH17110095,2999,108.9,2,5,3,13,3,3,4,3,1
HH17110096,4039,66,1,3,5,1,3,,4,2,1
HH18110072,3659,105.6,2,5,4,3,3,4,2,4,1
HH18110178,2946,66,1,4,6,1,3,1,4,2,1
HH18110181,3712,108.9,3,2,3,7,3,1,4,2,1
HH18110188,2819,66,1,2,5,2,3,3,4,3,1
HH18110031,2991,49.5,1,3,5,1,2,3,2,2,1
HH18110035,2721,132,2,5,4,2,3,4,2,4,1
HH18110149,3166,118.8,2,5,5,4,3,1,3,4,1
HH18110150,3369,112.2,1,3,5,2,3,,4,2,1
HH18110184,4045,89.1,1,3,4,2,3,3,4,2,1
HH18110156,4783,112.2,3,4,3,12,3,2,4,4,1
HH18110157,3674,112.2,3,5,3,17,3,,2,3,1
HH18110160,4011,66,1,3,5,1,3,2,3,2,1
HH18110161,3181,99,1,4,6,1,3,1,4,2,1
HH18110240,4086,89.1,1,2,4,1,4,,2,2,1
HH18110241,3080,92.4,3,3,3,11,3,1,4,2,1
HH16110004,3449,105.6,3,5,3,21,3,2,2,3,1
HH13110043,5314,105.6,3,4,3,6,3,2,4,3,1
HH13110047,1755,85.8,3,4,4,8,3,2,4,3,1
HH16110005,2923,105.6,3,5,3,2,3,2,3,4,1
HH15110004,2974,79.2,1,6,2,4,2,2,5,3,1
HH13110049,3395,132,1,5,5,2,3,1,4,4,1
HH13110050,2278,148.5,3,5,3,16,4,2,4,4,1
HH12110002,3954,79.2,1,3,5,1,3,,3,1,1
HH13110042,3587,66,1,4,5,2,3,3,4,2,1
HH17110099,3003,66,2,3,4,2,3,3,3,2,1
HH17110101,3395,132,1,3,5,2,4,2,3,3,1
HH12110001,3080,49.5,2,4,4,1,3,2,1,1,1
HH17110102,3213,75.9,3,4,2,6,2,3,3,3,1
HH18110102,4581,151.8,1,3,2,1,4,1,4,3,1
HH18110106,4981,112.2,3,5,3,5,3,1,4,4,1
HH18110110,5568,112.2,3,5,3,12,3,1,4,3,1
HH18110007,3267,115.5,1,4,3,3,3,2,3,3,1
HH18110113,3361,66,2,4,3,2,2,2,4,3,1
HH18110162,3520,108.9,1,3,5,2,3,2,4,3,1
HH18110165,6256,145.2,3,5,3,16,4,1,4,1,1
HH18110167,1239,59.4,2,6,3,4,2,1,2,2,1
HH13110156,4833,72.6,3,2,3,3,3,1,2,2,1
HH13110161,2481,105.6,3,5,6,2,3,1,3,3,1
HH13110162,3279,82.5,3,3,3,7,2,,4,3,1
HH13110164,4840,141.9,3,5,4,1,3,1,4,4,1
HH13110166,3392,72.6,3,4,3,6,2,,4,3,1
HH13110167,3248,82.5,3,6,3,2,3,1,4,2,1
HH13110155,3588,102.3,3,6,3,3,3,,4,3,1
HH17110105,4391,112.2,1,5,6,1,3,1,4,3,1
HH17110106,3210,112.2,1,3,5,1,3,,2,1,1
HH13110127,3206,82.5,3,6,4,1,3,1,3,3,1
HH17110107,2702,82.5,2,4,3,2,3,1,4,3,1
HH17110108,2539,112.2,3,5,4,13,3,3,2,2,1
HH18110195,2617,49.5,2,4,3,0,2,1,2,2,1
HH18110196,5313,257.4,3,5,3,4,4,1,5,4,1
HH18110197,4403,112.2,3,3,3,13,3,,5,4,1
HH18110198,4958,151.8,3,5,3,7,4,,5,4,1
HH18110199,3786,112.2,3,3,3,11,3,3,4,3,1
HH18110169,5684,188.1,3,3,3,12,5,1,5,4,1
HH18110047,4663,59.4,1,5,3,2,2,3,2,3,1
HH18110115,3676,82.5,2,6,3,3,3,3,4,3,1
HH18110044,4900,52.8,1,5,4,1,2,3,2,3,1
HH13110006,3407,105.6,3,5,5,1,3,,1,2,1
HH13110014,2871,165,2,5,5,4,5,,4,3,1
HH17110112,2324,85.8,3,4,3,11,2,,2,4,1
HH18110002,2835,99,3,5,3,5,3,1,4,3,1
HH18110004,3310,102.3,3,3,2,4,3,3,3,4,1
HH18110011,4640,59.4,2,5,3,2,3,3,4,3,1
HH18110020,3787,158.4,3,4,4,15,4,4,3,4,1
HH18110027,4902,168.3,3,3,3,1,4,3,3,4,1
HH18110037,3877,181.5,3,5,2,4,4,,4,3,1
HH18110001,2558,52.8,1,5,4,2,2,3,4,3,1
HH18110170,4794,132,3,5,4,1,4,3,4,3,1
HH18110171,3860,118.8,3,6,4,15,3,2,4,4,1
HH18110078,3180,72.6,2,5,3,3,3,,3,3,1
HH17110113,3427,49.5,2,5,2,4,3,2,4,4,1
HH17110115,5254,174.9,3,5,3,9,4,3,4,3,1
HH17110116,4014,66,3,4,2,5,3,3,3,3,1
HH17110117,2348,108.9,3,4,2,11,3,3,4,2,1
HH17110118,2523,108.9,3,4,3,4,3,,3,2,1
HH17110119,4042,108.9,3,4,3,2,3,,4,4,1
HH17110120,3097,102.3,3,3,2,4,3,,4,4,1
HH17110121,4907,102.3,3,3,3,4,3,3,5,2,1
HH17110122,3520,108.9,1,5,4,3,3,,2,2,1
HH17110123,1521,102.3,3,3,2,3,3,,3,3,1
HH17110125,3552,112.2,3,4,3,2,3,,5,2,1
HH18110212,3575,49.5,1,3,5,0,2,2,5,2,1
HH18110213,3449,105.6,1,3,4,2,3,,4,2,1
HH18110057,4521,82.5,2,5,3,2,3,2,4,4,1
HH18110064,3754,52.8,2,5,4,4,3,2,2,3,1
HH18110215,6950,118.8,3,4,3,8,3,,3,3,1
HH18110216,4790,108.9,3,5,3,1,3,1,4,4,1
HH18110069,2412,42.9,2,5,4,2,2,2,2,1,1
HH18110100,5217,132,1,4,5,3,3,2,5,4,1
HH18110217,3149,89.1,2,5,3,3,3,,3,2,1
HH18110218,5395,75.9,3,5,4,3,3,,5,3,1
HH18110219,3836,59.4,1,3,5,1,3,1,5,2,1
HH18110220,4767,75.9,3,5,4,1,3,1,4,4,1
HH18110214,5425,59.4,3,5,2,5,3,2,5,2,1
HH18110173,6485,135.3,2,4,5,1,3,2,1,1,1
HH18110177,3395,132,1,3,5,1,3,3,2,2,1
HH18110179,3583,112.2,2,5,3,4,3,2,5,3,1
HH18110180,3535,82.5,3,5,3,6,3,3,4,3,1
HH18110225,3190,105.6,3,5,3,6,3,1,4,3,1
HH16110001,5067,181.5,3,6,3,16,4,,4,4,1
HH13110023,4857,112.2,1,4,5,3,3,,4,4,1
HH13110024,2808,89.1,3,5,3,7,3,1,4,3,1
HH13110027,4087,66,1,3,5,2,2,1,2,3,1
HH17110131,3290,105.6,1,4,5,3,3,3,4,3,1
HH17110134,2764,79.2,2,6,3,2,3,2,4,2,1
HH18110058,2973,92.4,3,3,2,3,2,,4,2,1
HH18110061,2287,69.3,3,3,2,7,2,,4,2,1
HH18110065,3656,92.4,3,3,3,2,2,,2,3,1
HH18110071,3246,105.6,3,5,2,10,3,3,4,4,1
HH18110075,2293,69.3,3,3,3,6,2,,3,2,1
HH18110077,2661,49.5,1,3,3,2,2,,3,2,1
HH18110182,4042,105.6,3,5,3,9,3,,5,4,1
HH18110183,2176,92.4,3,3,3,5,2,,4,2,1
HH18110185,2248,69.3,3,3,4,1,2,,4,2,1
HH18110186,2987,118.8,3,3,2,9,3,1,4,4,1
HH18110187,3835,132,1,6,5,2,3,,4,3,1
HH18110189,2605,66,2,5,3,4,3,3,3,3,1
HH18110190,3136,105.6,1,2,5,1,3,,2,1,1
HH18110239,2894,59.4,2,5,3,3,2,3,3,2,1
HH11210052,4008,82.5,3,4,2,10,3,1,3,3,2
HH13210006,3492,66,1,5,5,1,2,1,4,3,2
HH13210007,4184,66,1,6,4,1,2,1,5,3,2
HH12210005,3479,122.1,1,5,5,2,3,2,3,2,2
HH17210001,22306,165,1,6,4,4,3,1,4,3,2
HH14210008,3829,79.2,3,6,3,9,3,1,3,2,2
HH14210013,2258,39.6,3,4,5,15,2,2,2,1,2
HH13210032,2764,79.2,3,4,4,14,2,2,4,3,2
HH13210033,3250,79.2,3,5,5,1,2,3,3,3,2
HH13210034,3250,79.2,3,4,4,4,2,3,1,1,2
HH13210035,3250,79.2,3,4,4,4,2,3,4,2,2
HH13210036,3374,79.2,3,4,4,8,2,2,5,3,2
HH14210014,3130,72.6,3,5,5,15,2,1,4,2,2
HH11210044,3385,105.6,2,1,5,1,4,,2,2,2
HH11210045,2872,95.7,1,1,5,2,3,2,4,2,2
HH11210046,3064,66,1,2,5,2,2,,2,2,2
HH12210027,3250,79.2,3,3,4,1,2,2,2,1,2
HH12210028,3111,49.5,2,2,6,1,2,3,2,2,2
HH13210037,3449,105.6,3,4,4,13,3,3,5,2,2
HH18210015,2817,62.7,1,3,6,1,1,,1,2,2
HH13210008,4563,122.1,1,4,5,1,2,1,4,3,2
HH12210008,4294,89.1,1,4,5,1,2,1,2,2,2
HH12210009,4066,89.1,2,6,4,2,3,1,1,1,2
HH12210011,4085,138.6,1,5,5,1,4,1,2,2,2
HH13210009,3734,72.6,3,6,4,2,2,1,3,3,2
HH12210013,3918,138.6,1,4,5,1,4,1,2,2,2
HH11210018,3927,89.1,1,6,6,1,3,1,4,3,2
HH13210011,3535,72.6,3,4,4,3,3,2,4,2,2
HH13210012,4820,102.3,3,5,4,6,3,,5,3,2
HH16210003,2296,62.7,1,2,4,2,2,2,2,1,2
HH11210021,3697,99,3,6,4,14,3,2,4,2,2
HH11210022,3161,82.5,1,3,5,2,3,2,4,2,2
HH15210006,3880,89.1,3,5,4,2,3,2,4,3,2
HH13210014,3394,99,3,4,4,3,3,2,4,3,2
HH13210015,3641,82.5,3,4,4,5,3,2,4,3,2
HH14210005,2882,59.4,3,3,2,4,2,3,5,2,2
HH13210018,4026,49.5,1,2,4,2,2,,5,3,2
HH11210024,2829,82.5,1,3,6,1,3,,4,2,2
HH13210020,3334,108.9,3,5,4,3,3,1,4,3,2
HH13210021,3327,66,1,3,6,1,3,2,3,1,2
HH14210007,4370,79.2,2,4,5,1,3,4,4,2,2
HH13210022,1609,79.2,3,6,6,7,2,,3,2,2
HH13210023,3130,72.6,1,4,5,1,3,2,7,2,2
HH12210020,4510,115.5,3,4,4,6,3,1,5,3,2
HH13210025,4578,82.5,2,5,6,2,2,3,4,3,2
HH13210026,3067,92.4,1,4,5,2,2,1,4,3,2
HH16210002,4367,158.4,3,4,2,8,4,1,4,3,2
HH17210002,2995,108.9,3,5,6,13,3,1,2,3,2
HH17210003,3449,105.6,3,4,3,23,3,2,3,4,2
HH13210010,3564,89.1,3,5,4,6,3,2,3,2,2
HH13210029,3410,72.6,3,6,5,4,2,,2,2,2
HH17210004,3269,66,3,3,2,4,3,3,4,2,2
HH17210005,3329,102.3,3,5,4,20,3,,3,2,2
HH17210006,4035,102.3,3,5,4,3,3,,3,3,2
HH17210007,3654,102.3,3,5,4,6,3,3,4,2,2
HH17210008,3287,66,1,4,4,2,2,2,3,2,2
HH17210009,2918,39.6,1,2,6,1,2,,1,1,2
HH12210015,3619,115.5,3,6,4,13,3,2,4,2,2
HH17210010,3556,108.9,3,3,3,14,3,,3,4,2
HH17210012,2911,72.6,2,5,4,17,2,3,2,3,2
HH17210013,4251,79.2,1,6,4,2,2,,4,2,2
HH17210014,3647,92.4,1,6,4,1,3,3,5,2,2
HH17210015,4097,115.5,1,5,6,1,3,4,3,2,2
HH12210007,4119,85.8,3,6,4,18,3,,4,2,2
HH17210016,4348,92.4,1,5,4,2,3,4,1,1,2
HH17210017,2927,112.2,3,5,4,11,3,2,4,2,2
HH14210009,4134,112.2,3,5,4,7,3,,3,3,2
HH11210032,3399,79.2,1,5,5,1,3,,4,2,2
HH14210006,4450,79.2,1,2,4,1,2,,2,1,2
HH17210018,2823,82.5,1,4,4,2,3,3,4,3,2
HH16210004,3525,62.7,1,5,6,1,2,3,3,1,2
HH17210019,3549,82.5,1,4,4,1,2,1,4,2,2
HH17210020,2795,99,1,1,6,1,3,,1,1,2
HH13210017,4057,108.9,3,4,4,9,3,1,5,3,2
HH17210021,2896,59.4,2,4,6,3,3,,4,2,2
HH12210018,2882,59.4,2,5,6,3,3,1,4,1,2
HH13210016,2844,66,3,6,4,13,2,1,2,1,2
HH12210016,3003,66,2,3,2,4,3,,4,2,2
HH17210022,3394,99,2,3,4,2,3,1,5,1,2
HH12210017,4494,59.4,1,4,4,2,2,2,4,3,2
HH17210023,4730,105.6,1,4,5,2,3,4,5,2,2
HH11210017,3827,115.5,3,5,6,4,3,1,4,4,2
HH17210024,3360,148.5,3,5,6,15,4,3,2,3,2
HH17210025,3895,66,1,3,6,1,3,2,5,1,2
HH17210026,3257,112.2,3,5,4,12,3,2,4,2,2
HH17210027,2617,49.5,1,3,4,2,2,,2,1,2
HH18210014,3166,69.3,2,6,4,4,2,2,2,2,2
HH18210001,3531,69.3,2,6,4,4,2,2,2,3,2
HH18210012,4162,122.1,1,4,6,1,3,2,3,4,2
HH18210017,950,112.2,3,6,6,15,3,1,4,3,2
HH18210003,3887,115.5,3,5,4,18,3,,3,3,2
HH18210006,4204,158.4,3,5,6,6,4,1,4,3,2
HH18210010,3320,59.4,1,6,4,2,2,1,3,3,2
HH18210004,3390,66,1,4,4,2,2,2,2,3,2
HH12210006,3623,79.2,3,6,4,12,3,2,3,2,2
HH15210004,3492,115.5,3,5,4,5,3,3,2,4,2
HH17210029,3982,75.9,3,6,6,9,2,3,3,2,2
HH18210009,4321,79.2,3,6,4,5,2,4,3,3,2
HH15210002,3003,66,1,3,4,2,3,1,4,3,2
HH11210010,3577,118.8,3,5,5,10,3,2,4,3,2
HH14210001,3344,82.5,3,4,4,21,3,,2,3,2
HH15210003,4115,66,2,5,6,2,3,,4,3,2
HH12210003,4000,75.9,2,4,6,3,2,,4,2,2
HH13210031,3171,56.1,3,4,4,9,2,2,4,2,2
HH11210009,3662,112.2,2,5,6,3,3,,4,2,2
HH17210030,2587,79.2,2,5,5,1,3,,2,2,2
HH17210031,3170,105.6,1,4,5,2,3,,4,2,2
HH18210016,3479,56.1,1,5,4,1,2,2,2,2,2
HH12210021,4183,112.2,3,4,4,8,3,1,4,2,2
HH15210012,4907,171.6,3,5,4,15,4,,5,2,2
HH11210048,3523,82.5,1,3,5,2,2,,3,2,2
HH11210049,3268,112.2,1,3,6,1,3,,3,1,2
HH11210050,2665,62.7,1,3,5,2,2,,1,1,2
HH11210051,2660,82.5,1,3,5,1,2,,2,2,2
HH11210054,4363,82.5,3,5,6,13,3,,4,3,2
HH13210038,3499,82.5,3,5,3,5,3,3,3,3,2
HH12210032,3291,105.6,3,4,6,10,3,,3,2,2
HH15210013,3140,62.7,3,2,4,2,2,1,2,1,2
HH17210032,3131,62.7,3,2,4,1,2,,3,2,2
HH18210011,3661,158.4,3,4,4,4,5,,2,2,2
HH18210013,3584,125.4,3,4,4,20,4,2,3,3,2
HH18210007,4189,158.4,3,4,6,5,5,,3,3,2
HH18210008,3485,108.9,3,6,6,11,3,3,2,4,2
HH15210010,3593,82.5,3,5,4,11,3,1,1,2,2
HH11210026,3464,135.3,3,5,4,2,4,1,3,3,2
HH11210034,3281,56.1,3,3,3,5,2,,2,2,2
HH11210004,3308,99,3,5,4,3,3,,2,2,2
HH12210001,3649,112.2,3,4,5,1,3,,4,2,2
HH15210001,3300,85.8,3,4,4,14,3,2,5,2,2
HH13210001,4372,69.3,2,4,4,2,3,3,4,2,2
HH11210008,3344,82.5,3,5,4,2,3,2,6,3,2
HH13210003,2686,75.9,2,5,4,2,3,,4,3,2
HH13210004,2654,69.3,2,5,4,4,3,3,4,2,2
HH13210005,4781,132,1,5,5,1,2,2,4,2,2
HH11210007,2531,66,2,4,4,3,3,,4,1,2
HH16210001,2706,151.8,3,5,4,13,3,3,5,2,2
HH17210033,2664,99,2,4,5,3,3,,3,2,2
HH18210002,4671,79.2,2,5,4,4,3,2,4,1,2
HH17210034,2977,82.5,2,6,5,7,2,,3,2,2
HH17210035,3967,125.4,3,6,2,21,3,3,4,2,2
HH14210011,3325,79.2,2,6,4,1,3,,4,3,2
HH17210036,3100,79.2,2,5,4,3,3,,3,2,2
HH18210005,4366,82.5,1,3,4,2,2,3,2,3,2
HH11210035,2258,92.4,1,3,6,1,3,,2,1,2
HH11210036,3780,79.2,2,5,5,1,3,,3,2,2
HH11210038,5412,79.2,2,5,5,4,3,,5,2,2
HH11210039,2380,79.2,2,5,5,2,3,,2,1,2
HH11210040,2868,135.3,1,1,4,2,3,,3,2,2
HH15210011,2897,66,2,3,6,2,3,,2,2,2
HH11210041,2941,92.4,1,3,4,2,2,,2,2,2
HH17210037,3238,82.5,2,6,4,2,3,,4,3,2
HH13210027,3890,92.4,3,3,4,6,3,1,4,3,2
HH13210030,3671,105.6,3,4,6,17,3,1,2,3,2
HH17210038,9207,158.4,3,5,4,5,4,1,4,4,2
HH12210022,4373,158.4,3,5,2,14,4,1,4,3,2
HH13210028,3733,105.6,3,3,3,1,3,1,4,3,2
HH17210039,3717,99,1,4,6,1,4,1,4,2,2
HH17210040,6315,108.9,3,6,6,3,3,,5,3,2
HH14210015,3769,108.9,3,6,4,18,3,,4,3,2
HH18210018,4203,108.9,3,6,6,3,3,2,3,2,2
HH13220047,3217,95.7,3,5,4,7,3,,2,3,2
HH13220049,3250,79.2,2,4,5,1,3,2,4,1,2
HH13220050,3841,59.4,1,1,6,1,2,1,4,2,2
HH17220001,3250,79.2,2,6,4,4,3,1,3,3,2
HH13220024,2960,85.8,3,4,3,5,3,1,4,3,2
HH13220025,3198,95.7,2,3,2,3,3,,6,3,2
HH12220010,3067,92.4,1,3,5,1,3,,2,2,2
HH12220011,3686,115.5,1,3,5,1,4,,4,3,2
HH11220017,3961,165,1,3,5,0,3,,3,3,2
HH13220026,3364,125.4,2,5,5,0,3,,2,3,2
HH12220012,3449,105.6,1,3,4,2,4,1,2,2,2
HH13220027,3003,66,2,3,5,1,2,,2,2,2
HH13220028,3366,108.9,3,4,2,14,3,2,3,4,2
HH13220029,3317,108.9,3,4,2,12,3,,3,3,2
HH13220030,3150,112.2,3,5,4,10,3,3,2,2,2
HH13220045,4789,148.5,3,5,4,6,4,1,2,4,2
HH17220003,3152,99,1,3,5,2,3,2,2,1,2
HH18220009,3230,99,2,3,6,1,2,,2,2,2
HH12220019,1586,56.1,1,2,5,1,2,1,2,2,2
HH11220020,3393,89.1,3,5,2,3,3,1,2,2,2
HH11220021,3445,89.1,3,3,3,3,3,1,4,2,2
HH13220036,3394,99,2,4,5,4,3,,2,3,2
HH11220023,3445,89.1,1,5,3,1,3,1,4,2,2
HH11220024,4048,118.8,1,3,5,2,3,1,4,3,2
HH13220038,3250,79.2,1,3,5,2,3,1,3,3,2
HH13220039,2609,59.4,1,3,4,2,2,1,3,3,2
HH15220004,4333,82.5,1,4,3,1,3,1,4,2,2
HH13220037,2478,66,1,5,5,2,3,1,2,1,2
HH18220004,3023,82.5,1,3,5,2,3,,4,2,2
HH18220013,3526,82.5,1,2,5,1,4,2,3,2,2
HH17220004,2885,141.9,3,5,3,8,4,1,3,3,2
HH11220001,2930,79.2,1,3,3,2,3,3,2,2,2
HH11220002,3067,92.4,1,4,5,2,3,,4,2,2
HH11220003,3445,89.1,1,3,5,1,3,2,2,2,2
HH13220002,2960,85.8,1,3,6,1,2,,2,2,2
HH13220003,3003,66,1,2,6,1,2,,4,3,2
HH13220004,13745,105.6,1,1,5,2,3,,4,4,2
HH11220004,3823,125.4,3,2,3,2,3,,2,3,2
HH12220001,3520,108.9,2,2,3,3,3,,3,3,2
HH13220005,3250,79.2,2,2,5,4,3,,6,3,2
HH11220005,2617,49.5,1,2,6,1,1,,1,1,2
HH11220007,3213,75.9,1,3,3,2,3,2,2,2,2
HH11220008,3213,75.9,1,2,6,1,3,,3,1,2
HH11220009,293,132,1,6,4,2,3,,3,2,2
HH13220007,2960,85.8,1,3,5,2,3,,4,3,2
HH14220001,3209,82.5,2,2,4,2,3,1,6,2,2
HH11220010,3021,85.8,3,4,3,18,3,1,2,3,2
HH14220012,3520,108.9,2,3,4,4,3,,2,3,2
HH14220014,14996,89.1,2,3,4,4,3,2,5,2,2
HH17220014,1871,49.5,2,4,4,1,2,,1,1,2
HH17220015,3613,99,2,4,3,1,3,,3,4,2
HH12220015,2519,52.8,1,4,4,3,3,3,2,2,2
HH15220001,2815,49.5,3,3,2,1,3,3,3,3,2
HH13220031,3562,42.9,3,3,3,5,2,4,1,1,2
HH13220032,3560,49.5,3,3,2,2,3,3,4,3,2
HH12220017,3406,79.2,3,4,2,3,3,4,3,3,2
HH11220019,2083,42.9,1,3,2,1,2,3,2,1,2
HH15220002,3749,141.9,1,1,6,1,3,4,4,3,2
HH14220008,3883,39.6,1,5,5,2,3,4,4,3,2
HH12220018,3021,89.1,1,4,5,2,3,3,2,2,2
HH15220003,6020,82.5,1,1,6,1,2,4,4,2,2
HH13220033,4367,108.9,3,4,3,16,3,,1,3,2
HH13220034,3481,108.9,3,4,2,9,3,4,2,3,2
HH11220018,3596,52.8,3,3,2,1,2,4,2,2,2
HH18220010,4199,75.9,3,4,2,6,3,,4,2,2
HH18220011,3695,79.2,3,4,4,3,2,4,4,3,2
HH18220006,2748,99,1,4,3,1,3,,2,2,2
HH18220002,3322,75.9,3,6,2,4,3,2,3,3,2
HH13220040,3138,59.4,2,5,5,5,2,2,3,3,2
HH13220041,3070,112.2,3,5,2,16,3,1,4,3,2
HH13220042,1559,158.4,3,5,3,14,4,3,2,4,2
HH13220043,3395,132,1,4,5,1,3,,4,3,2
HH16220001,3209,82.5,1,3,5,1,3,3,4,3,2
HH11220025,2155,79.2,1,4,6,1,2,,3,2,2
HH14220013,4434,82.5,2,5,3,1,3,,2,3,2
HH13220046,4130,82.5,2,4,2,2,3,2,4,1,2
HH11220027,2984,115.5,1,2,5,3,3,,4,2,2
HH17220007,4813,62.7,3,3,5,5,2,1,2,3,2
HH13220044,2595,33,2,5,4,1,1,,1,2,2
HH18220015,3915,118.8,1,4,5,1,4,1,2,2,2
HH18220014,3003,66,1,4,5,2,3,2,4,2,2
HH18220001,3861,148.5,1,3,3,2,5,,2,3,2
HH18220012,4597,108.9,3,5,2,11,3,,4,3,2
HH13220009,2504,105.6,3,4,2,1,3,1,4,2,2
HH13220010,3755,105.6,3,4,2,12,3,,4,3,2
HH13220012,2589,105.6,3,4,2,16,3,,5,2,2
HH13220013,3881,105.6,3,4,5,2,3,1,3,3,2
HH13220014,1817,105.6,3,4,2,7,3,,3,2,2
HH13220015,2645,85.8,3,4,4,9,3,2,5,2,2
HH13220016,3673,79.2,3,4,2,6,3,1,1,1,2
HH13220017,1661,79.2,3,4,5,15,3,1,2,3,2
HH11220011,3068,112.2,3,6,4,20,3,3,4,3,2
HH14220002,5394,108.9,3,5,5,20,3,,3,3,2
HH13220018,3394,99,1,3,6,1,4,,4,2,2
HH13220019,5834,155.1,3,5,4,16,4,1,4,3,2
HH12220002,1990,85.8,3,4,6,13,3,1,2,1,2
HH12220003,3540,105.6,3,4,6,11,3,3,3,2,2
HH13220020,3535,105.6,3,4,6,11,3,3,4,3,2
HH13220021,3999,108.9,3,4,6,8,3,3,3,4,2
HH14220003,3283,89.1,1,4,5,1,3,1,3,4,2
HH14220004,4305,79.2,3,3,6,3,3,3,4,2,2
HH13220022,5062,105.6,3,4,6,8,3,3,2,2,2
HH12220004,3686,115.5,1,2,4,1,3,1,2,2,2
HH12220005,2960,42.9,1,3,6,1,2,,1,2,2
HH14220005,3934,112.2,3,5,3,4,3,,4,2,2
HH14220006,3733,165,2,5,5,4,4,2,5,4,2
HH11220013,4827,105.6,3,4,4,11,3,3,3,4,2
HH11220014,2659,108.9,3,5,4,16,3,2,2,3,2
HH13220023,3552,105.6,3,6,2,15,3,1,4,2,2
HH14220007,5524,115.5,3,6,4,1,3,3,3,3,2
HH17220008,3756,105.6,3,4,2,12,3,1,1,2,2
HH17220009,3469,128.7,1,1,6,1,3,,3,2,2
HH17220011,2834,158.4,1,1,4,1,3,,2,2,2
HH13220048,4766,85.8,2,6,3,4,3,1,4,3,2
HH11220016,2389,105.6,3,4,3,3,3,1,5,1,2
HH18220005,5660,99,1,4,4,3,3,,2,3,2
HH18220007,3908,112.2,3,5,3,15,3,1,5,3,2
HH18220003,3394,99,1,4,4,3,4,3,4,3,2
HH18220008,3449,105.6,1,4,4,3,3,2,2,3,2
HH17220013,4302,105.6,3,5,2,4,3,1,4,2,2
HH13230002,3449,105.6,3,5,2,2,3,,3,3,2
HH11230011,3310,102.3,3,4,2,14,3,,3,1,2
HH17230003,4188,112.2,3,5,2,10,3,2,3,2,2
HH17230004,2882,59.4,2,4,3,3,2,3,2,3,2
HH18230001,2425,105.6,2,5,5,4,3,2,2,2,2
HH18230008,2958,49.5,2,4,3,3,2,3,4,4,2
HH18230076,4192,155.1,3,6,3,4,4,1,5,4,2
HH18230013,2846,92.4,2,6,3,2,3,3,4,2,2
HH18230006,2629,79.2,3,3,3,2,3,2,3,3,2
HH18230020,2926,99,2,4,4,5,3,2,4,4,2
HH18230007,2862,79.2,3,3,2,3,3,3,4,3,2
HH18230077,2697,105.6,3,5,3,6,3,1,2,4,2
HH17230005,2699,115.5,3,5,3,8,3,2,4,4,2
HH17230006,4074,145.2,3,5,3,2,4,2,5,4,2
HH17230007,3583,112.2,3,4,2,8,3,1,4,2,2
HH18230060,3379,125.4,1,5,5,3,4,1,2,3,2
HH18230065,3394,99,1,4,5,3,3,1,2,4,2
HH18230066,3387,66,1,5,4,2,3,1,2,2,2
HH13230004,3198,95.7,2,3,3,2,3,3,2,2,2
HH13230010,3310,102.3,3,4,2,6,3,2,4,3,2
HH13230012,3310,102.3,3,4,2,7,3,3,3,3,2
HH17230008,3646,108.9,3,5,3,10,3,3,5,2,2
HH17230009,3520,108.9,3,5,2,10,3,2,3,3,2
HH17230010,3177,108.9,3,5,2,1,3,2,5,3,2
HH17230011,4982,145.2,3,5,3,8,4,2,1,4,2
HH17230012,2882,59.4,2,4,5,1,3,2,3,2,2
HH17230013,3263,82.5,2,5,3,4,3,3,3,2,2
HH17230014,1709,99,2,5,3,2,3,1,2,3,2
HH17230016,2149,29.7,1,5,4,2,1,4,2,3,2
HH17230019,5286,102.3,2,5,5,4,3,3,4,4,2
HH18230009,3437,191.4,3,5,2,5,4,2,4,3,2
HH18230033,2807,75.9,3,4,2,3,3,3,3,4,2
HH18230012,3228,75.9,3,3,2,3,2,2,3,3,2
HH18230023,2751,42.9,3,3,4,5,2,3,3,1,2
HH18230010,2918,105.6,3,4,2,9,3,3,3,3,2
HH18230015,2560,56.1,3,3,4,3,2,2,4,3,2
HH18230014,2918,112.2,3,5,2,7,3,3,3,3,2
HH18230018,2782,66,2,3,3,1,2,3,3,4,2
HH18230021,2960,85.8,3,3,2,5,3,3,3,4,2
HH18230034,2948,75.9,3,5,2,11,3,2,3,3,2
HH18230042,2827,105.6,3,4,2,7,3,3,3,4,2
HH18230056,2675,108.9,3,6,3,3,3,3,3,3,2
HH18230040,2915,105.6,3,4,2,5,3,,3,2,2
HH18230043,3141,82.5,2,4,3,1,3,1,2,4,2
HH18230016,2916,99,2,6,3,4,2,2,3,3,2
HH18230078,2645,105.6,3,5,3,4,3,1,2,3,2
HH14230006,3262,112.2,3,4,3,14,3,1,3,1,2
HH12230011,3549,198,3,4,3,12,5,2,1,1,2
HH12230022,3539,59.4,3,6,3,4,2,,2,3,2
HH12230023,2724,69.3,3,6,3,5,2,,4,1,2
HH17230021,1982,82.5,3,5,2,6,2,1,4,2,2
HH17230022,2273,72.6,3,5,3,6,2,1,3,3,2
HH17230023,3213,59.4,2,3,4,2,3,,2,3,2
HH18230051,2806,89.1,3,3,4,7,3,1,3,3,2
HH18230069,2563,62.7,3,6,4,15,2,,1,1,2
HH18230019,1967,92.4,2,4,6,1,1,,1,1,2
HH18230022,3710,138.6,1,3,4,1,3,,2,1,2
HH18230024,2735,62.7,3,6,3,12,2,,2,2,2
HH18230002,2824,62.7,1,3,3,1,1,,1,1,2
HH18230029,4690,128.7,3,5,2,9,3,1,2,2,2
HH18230030,610,56.1,3,3,3,15,1,1,3,2,2
HH18230026,2882,59.4,3,6,3,12,2,1,3,3,2
HH18230037,2369,56.1,3,6,3,9,2,,1,1,2
HH18230039,723,56.1,3,6,3,3,2,2,2,1,2
HH18230045,1745,59.4,3,6,4,1,2,,2,1,2
HH18230047,3003,66,3,6,3,2,2,,3,2,2
HH18230027,2383,46.2,3,6,3,4,2,1,4,2,2
HH18230071,1471,59.4,3,6,3,4,2,1,3,1,2
HH18230049,3166,69.3,3,6,3,10,2,1,4,2,2
HH18230062,3921,89.1,3,3,3,12,3,3,2,3,2
HH18230070,3310,102.3,1,3,6,1,3,1,1,1,2
HH18230073,3449,105.6,3,4,3,8,3,1,2,1,2
HH13230001,4982,145.2,3,4,4,21,4,2,2,2,2
HH17230024,3727,99,3,4,3,4,3,2,2,2,2
HH17230025,3677,79.2,3,5,3,3,3,2,4,3,2
HH17230027,3727,102.3,3,4,2,13,3,1,2,2,2
HH17230028,3213,75.9,3,3,2,4,2,2,2,2,2
HH17230029,4001,184.8,3,4,2,12,4,2,3,4,2
HH18230036,3166,69.3,2,4,5,1,3,,1,1,2
HH18230038,3250,79.2,2,6,5,4,3,,2,3,2
HH18230041,3449,105.6,3,5,3,7,3,,3,3,2
HH18230044,3449,105.6,3,4,2,14,3,,3,3,2
HH18230054,3449,105.6,3,5,3,8,3,1,2,4,2
HH18230055,3250,79.2,3,3,2,4,2,1,5,3,2
HH18230046,3394,99,3,5,3,10,3,,3,4,2
HH18230057,1912,49.5,3,3,4,4,2,2,1,3,2
HH18230058,3908,108.9,3,4,3,19,3,1,3,3,2
HH18230025,3449,105.6,3,6,2,9,3,3,3,3,2
HH18230072,3792,108.9,3,6,3,8,3,1,3,4,2
HH18230028,3209,82.5,2,5,5,0,3,1,2,1,2
HH18230074,3449,105.6,3,4,3,14,3,1,2,3,2
HH18230003,3449,105.6,3,5,3,7,3,1,4,3,2
HH18230064,3449,105.6,3,5,3,11,3,1,4,3,2
HH18230031,3250,79.2,3,5,3,6,3,2,3,3,2
HH18230059,3209,82.5,2,5,5,2,4,1,3,4,2
HH18230063,3794,105.6,3,5,3,7,3,1,2,3,2
HH18230048,3449,105.6,3,5,3,8,3,1,3,3,2
HH18230075,3449,105.6,3,5,2,14,3,1,4,4,2
HH18230052,3067,92.4,2,6,4,4,3,1,2,3,2
HH18230061,3445,89.1,2,5,5,0,3,1,3,3,2
HH18230050,3449,105.6,3,4,4,17,3,1,2,3,2
HH18230032,3449,105.6,3,4,2,16,3,1,2,3,2
HH11230027,3213,75.9,3,3,3,6,2,1,3,3,2
HH11230030,3067,92.4,3,6,3,26,3,1,3,1,2
HH14230011,3583,112.2,3,6,3,17,3,1,5,3,2
HH13230041,3744,132,3,6,3,10,4,1,4,4,2
HH17230031,3449,105.6,1,4,6,1,3,1,4,2,2
HH17230035,3583,112.2,2,6,3,3,3,1,4,4,2
HH11230034,2884,201.3,3,6,2,3,4,1,1,1,2
HH17230038,3209,82.5,1,5,6,1,3,1,1,2,2
HH18230053,5393,184.8,3,5,6,19,5,,6,4,2
HH18230068,3555,75.9,1,4,6,1,3,2,4,3,2
HH18230035,3449,105.6,2,6,3,0,3,,4,3,2
HH11230001,13689,102.3,1,4,6,1,4,1,5,2,2
HH11230003,15225,118.8,1,3,4,1,4,1,3,2,2
HH12230001,3364,125.4,1,1,6,1,4,1,4,2,2
HH11230005,14442,85.8,1,3,6,1,3,1,2,3,2
HH18230004,1257,112.2,1,1,6,1,3,,1,1,2
HH18230011,2617,49.5,1,1,6,1,1,2,1,1,2
HH18230067,3106,92.4,2,5,3,1,3,1,5,3,2
HH18240004,4001,184.8,1,3,6,1,3,,2,3,2
HH18240012,4085,214.5,1,3,4,1,5,,2,3,2
HH11240020,2490,102.3,3,4,4,11,3,1,4,2,2
HH11240022,5033,102.3,3,4,4,5,3,2,4,2,2
HH11240023,4289,102.3,3,4,4,6,3,1,4,2,2
HH12240032,3773,102.3,3,4,5,1,3,1,5,3,2
HH12240033,3492,102.3,3,4,4,6,3,3,2,2,2
HH12240034,2148,102.3,3,3,3,11,4,,1,1,2
HH11240026,3310,102.3,3,3,2,4,4,4,2,1,2
HH11240028,4657,105.6,3,4,4,11,3,1,4,2,2
HH11240029,3277,105.6,3,4,4,14,3,1,2,2,2
HH11240031,2382,105.6,3,4,4,19,3,1,4,2,2
HH15240021,2526,105.6,3,4,4,15,3,1,4,3,2
HH14240006,3940,105.6,3,3,4,3,3,3,3,2,2
HH15240024,2676,79.2,1,6,4,3,2,3,2,2,2
HH16240011,2205,59.4,3,5,5,15,2,3,2,2,2
HH12240036,3858,79.2,3,5,4,10,3,,3,3,2
HH11240035,3853,79.2,3,5,4,6,3,1,4,2,2
HH12240037,3551,79.2,3,5,4,7,3,2,2,2,2
HH17240001,4271,49.5,1,4,3,3,2,,3,2,2
HH17240002,1950,75.9,3,5,6,10,3,3,3,2,2
HH17240003,2434,75.9,3,5,3,16,3,3,2,2,2
HH17240007,1498,132,2,6,2,3,3,1,3,1,2
HH17240008,943,59.4,2,6,5,4,1,,1,2,2
HH17240009,4130,151.8,1,1,4,1,3,3,2,2,2
HH17240010,2647,82.5,2,3,5,2,3,,4,3,2
HH14240002,3370,82.5,3,5,6,5,3,3,4,3,2
HH17240011,1630,99,3,5,2,10,3,2,3,3,2
HH17240012,3862,82.5,3,3,3,2,3,3,2,2,2
HH17240013,2212,59.4,2,5,6,12,2,3,2,2,2
HH11240027,3758,75.9,3,6,4,23,3,2,2,3,2
HH17240014,2714,75.9,3,3,4,3,3,2,3,2,2
HH18240019,1263,105.6,3,4,2,9,3,,2,4,2
HH18240006,2148,62.7,3,5,6,3,2,1,2,1,2
HH18240007,3209,82.5,3,6,3,9,3,1,2,2,2
HH18240008,649,49.5,2,6,2,2,1,,1,1,2
HH18240051,3436,79.2,1,4,5,2,2,1,2,1,2
HH16240007,2661,66,3,4,4,4,2,,4,4,2
HH17240015,3219,82.5,1,2,4,1,3,3,1,1,2
HH17240016,2469,56.1,1,4,5,2,2,2,1,1,2
HH17240017,4454,102.3,3,3,4,1,3,1,6,3,2
HH17240019,3003,66,1,1,6,1,2,,1,1,2
HH17240020,2617,49.5,1,1,3,1,3,4,2,1,2
HH17240021,3209,82.5,1,5,6,1,3,2,3,1,2
HH17240022,2360,33,1,1,6,1,2,4,1,1,2
HH17240023,3445,89.1,3,3,2,5,3,,2,2,2
HH17240024,2417,66,3,4,2,4,2,,2,1,2
HH17240027,2422,79.2,3,4,2,9,3,,2,2,2
HH17240029,3067,92.4,3,4,2,14,3,1,3,3,2
HH18240001,3092,49.5,1,2,4,1,2,2,3,3,2
HH18240010,3457,66,1,4,5,2,1,1,1,1,2
HH18240031,3174,56.1,1,2,4,1,2,2,3,3,2
HH18240021,3583,112.2,3,4,4,12,3,1,3,3,2
HH18240055,2795,66,3,4,4,4,2,2,2,1,2
HH18240056,2351,66,3,4,4,5,2,3,3,2,2
HH17240030,3551,69.3,3,4,4,11,2,1,2,3,2
HH17240031,2762,99,1,3,6,1,3,,1,1,2
HH17240032,5431,211.2,1,4,4,1,5,2,2,3,2
HH17240034,2873,79.2,3,4,3,17,3,2,1,2,2
HH17240035,1592,102.3,3,4,2,18,3,1,1,2,2
HH17240038,3084,135.3,1,5,5,3,3,1,2,3,2
HH17240040,2730,59.4,2,4,6,1,2,3,2,2,2
HH17240041,3048,72.6,3,5,3,7,2,2,3,1,2
HH17240044,5334,151.8,3,5,4,16,3,,3,3,2
HH12240001,2203,108.9,3,3,6,9,4,1,2,2,2
HH17240045,2201,198,2,6,5,4,2,3,3,2,2
HH18240017,1115,66,3,5,3,4,2,3,1,2,2
HH18240003,2221,112.2,3,6,3,16,3,1,4,2,2
HH18240024,3445,89.1,1,3,5,1,4,4,2,2,2
HH18240027,3319,79.2,3,4,3,6,3,3,6,3,2
HH18240009,3997,99,2,4,5,2,3,1,3,1,2
HH18240015,3445,89.1,3,3,3,2,2,1,2,1,2
HH18240014,2156,102.3,3,4,2,5,3,2,1,2,2
HH18240011,3961,165,1,3,5,1,1,,2,2,2
HH18240016,4233,161.7,1,5,5,2,3,,3,3,2
HH18240028,5590,191.4,1,4,4,1,4,1,4,1,2
HH18240005,3870,148.5,2,3,5,3,3,,5,2,2
HH18240025,5041,105.6,3,5,2,16,3,4,2,2,2
HH18240029,5016,191.4,1,4,4,1,3,1,4,4,2
HH18240030,4275,89.1,1,5,5,1,3,1,4,3,2
HH18240035,1759,132,1,2,5,1,3,,1,1,2
HH18240018,3251,79.2,3,4,3,12,3,1,2,1,2
HH18240036,3583,112.2,3,5,2,1,3,,2,1,2
HH18240032,3505,79.2,3,5,3,5,3,1,3,1,2
HH18240033,3740,112.2,3,5,2,12,3,,2,2,2
HH18240026,3665,89.1,3,3,2,11,3,1,3,2,2
HH18240054,2490,99,1,3,5,1,3,,1,1,2
HH18240052,2658,89.1,3,3,2,13,3,1,3,1,2
HH12240002,2646,75.9,3,4,4,11,3,2,4,3,2
HH12240003,2576,75.9,3,4,4,3,3,1,4,2,2
HH12240005,2322,75.9,3,4,4,9,3,2,2,2,2
HH11240002,2420,95.7,1,4,6,1,3,2,2,1,2
HH12240006,2828,165,2,4,5,1,2,2,3,3,2
HH16240001,19715,66,2,2,5,1,2,2,2,2,2
HH12240011,3533,89.1,3,4,4,18,3,1,4,4,2
HH12240012,3562,89.1,3,4,6,4,3,1,4,3,2
HH15240001,4234,79.2,3,4,4,7,3,3,2,3,2
HH12240014,2285,56.1,3,5,4,13,1,1,2,2,2
HH16240002,2723,66,1,4,3,2,2,,3,3,2
HH12240015,3027,138.6,3,4,4,14,4,2,4,3,2
HH12240016,3040,138.6,3,4,4,3,4,1,4,3,2
HH12240017,3788,138.6,3,4,4,4,4,2,4,3,2
HH12240018,2767,138.6,3,4,4,8,4,2,4,3,2
HH12240019,2363,138.6,3,4,4,9,4,2,4,3,2
HH17240047,2965,92.4,1,6,6,1,2,2,2,2,2
HH17240048,2981,125.4,3,5,5,1,3,2,4,4,2
HH17240052,3132,105.6,3,5,4,16,3,1,4,3,2
HH17240053,2813,198,1,5,5,1,3,1,2,1,2
HH17240054,2258,39.6,1,4,4,1,1,,1,1,2
HH17240055,1259,56.1,1,1,6,1,3,3,1,1,2
HH12240030,3171,79.2,3,4,6,7,3,2,2,2,2
HH17240056,3107,79.2,3,4,6,7,3,1,3,4,2
HH17240057,3130,112.2,3,4,2,10,3,3,4,3,2
HH13240005,3505,59.4,1,4,5,1,3,1,4,4,2
HH17240058,2787,72.6,1,4,5,2,3,,3,2,2
HH18240002,3351,69.3,3,6,4,1,2,1,3,1,2
HH18240020,1977,66,3,6,6,8,2,1,3,2,2
HH18240034,1760,66,3,6,4,7,2,1,2,1,2
HH18240057,3835,105.6,1,3,5,1,3,,2,1,2
HH18240053,4902,168.3,3,4,3,12,4,3,5,3,2
HH15250012,3583,112.2,3,5,4,9,3,2,5,3,2
HH13250005,4027,112.2,3,5,4,19,3,1,3,3,2
HH13250008,3430,138.6,3,4,6,8,4,1,4,3,2
HH17250001,3394,99,3,4,4,7,3,2,4,3,2
HH14250001,3194,75.9,2,6,4,2,3,2,2,2,2
HH17250002,3209,82.5,1,2,6,1,3,2,3,2,2
HH17250003,3858,72.6,1,2,4,1,3,2,4,3,2
HH17250005,2815,108.9,3,5,4,15,3,3,3,2,2
HH17250006,3003,66,2,3,4,1,3,2,2,2,2
HH17250007,2893,75.9,1,5,6,1,3,2,4,3,2
HH17250009,2575,105.6,3,4,4,5,3,1,4,1,2
HH18250003,4449,82.5,3,6,4,2,3,3,5,3,2
HH14250003,3993,72.6,1,1,6,1,3,3,3,3,2
HH12250011,4121,105.6,1,2,4,1,3,2,4,3,2
HH11250022,3842,62.7,1,3,4,2,2,3,2,1,2
HH12250012,2952,79.2,1,3,6,1,2,3,2,3,2
HH11250023,2392,62.7,1,2,4,1,2,2,3,3,2
HH12250013,2984,82.5,1,1,4,1,3,2,4,2,2
HH14250004,4109,69.3,3,4,4,12,2,1,2,2,2
HH16250023,3166,69.3,3,5,4,9,2,2,2,2,2
HH17250010,2433,99,3,4,4,1,3,3,2,3,2
HH17250011,2443,99,3,4,4,1,3,2,4,4,2
HH17250012,3394,99,3,4,4,2,3,2,4,3,2
HH17250013,3325,99,3,4,4,3,3,2,3,3,2
HH17250014,2546,99,3,4,4,3,3,2,4,3,2
HH17250015,3130,72.6,2,4,4,2,3,1,2,2,2
HH17250016,2707,79.2,2,6,4,0,3,2,3,3,2
HH17250017,2747,105.6,3,5,4,6,3,2,4,4,2
HH17250018,3449,105.6,3,5,4,11,3,2,4,2,2
HH12250016,903,102.3,3,4,4,8,3,2,5,3,2
HH17250019,3231,188.1,1,2,4,1,5,2,6,2,2
HH18250006,3209,82.5,2,4,4,4,3,3,4,3,2
HH18250001,3583,112.2,3,6,4,5,3,1,2,2,2
HH18250004,3252,108.9,3,5,4,18,3,3,4,4,2
HH13250013,4108,105.6,3,4,3,3,3,1,2,1,2
HH16250010,2365,105.6,2,5,4,1,3,2,2,3,2
HH12250006,2323,138.6,2,4,4,2,3,2,3,3,2
HH13250015,3872,79.2,2,3,4,1,3,,2,1,2
HH16250012,386,79.2,2,3,4,1,3,,4,2,2
HH13250016,3130,72.6,2,3,4,1,3,2,2,1,2
HH17250020,2571,72.6,2,3,4,1,3,2,2,1,2
HH13250018,2157,72.6,2,3,4,1,3,2,2,1,2
HH13250019,3356,105.6,3,4,4,13,3,1,4,3,2
HH13250020,2202,105.6,3,4,4,5,3,1,4,3,2
HH13250021,3394,105.6,3,4,4,7,3,1,4,3,2
HH13250022,3212,105.6,3,4,4,8,3,2,3,3,2
HH11250015,3324,75.9,3,4,4,5,3,2,3,3,2
HH16250013,2678,75.9,3,4,4,15,3,2,3,3,2
HH16250014,2810,75.9,3,4,4,7,3,3,4,3,2
HH16250015,2764,75.9,3,4,2,10,3,1,3,3,2
HH16250016,3141,75.9,3,4,4,14,3,2,3,2,2
HH16250017,2704,99,3,4,3,4,3,1,4,3,2
HH11250016,3795,82.5,1,4,4,2,3,3,2,1,2
HH16250019,1902,46.2,2,4,3,1,2,,1,2,2
HH13250030,2937,59.4,2,4,4,3,2,1,2,2,2
HH13250032,608,26.4,2,4,5,1,1,3,2,2,2
HH13250033,2756,79.2,3,4,4,12,2,2,3,2,2
HH12250010,2863,118.8,3,4,4,4,4,3,3,2,2
HH16250021,2868,69.3,2,5,4,3,2,2,4,3,2
HH13250035,1886,102.3,3,4,4,7,3,1,4,3,2
HH13250034,3605,49.5,3,4,3,6,2,3,4,1,2
HH17250021,2258,39.6,2,4,5,4,2,,4,1,2
HH17250022,3394,99,2,5,4,3,3,3,2,2,2
HH15250013,1971,132,1,3,5,3,4,1,4,2,2
HH17250024,3250,79.2,1,1,6,1,2,2,2,1,2
HH17250025,3555,75.9,1,6,6,1,3,2,2,2,2
HH17250026,3209,82.5,1,1,6,1,2,,2,2,2
HH17250027,2882,59.4,1,2,6,1,3,2,3,4,2
HH17250028,2826,66,2,5,4,4,2,,2,1,2
HH17250029,3067,92.4,2,6,3,2,3,1,4,2,2
HH17250030,5580,99,2,6,5,2,3,,3,3,2
HH17250031,2960,75.9,1,3,4,1,3,,1,1,2
HH17250032,2463,112.2,3,4,4,11,3,1,4,4,2
HH17250033,3310,102.3,3,4,2,2,3,1,3,3,2
HH13250028,3067,92.4,3,6,4,4,3,2,3,2,2
HH17250034,2995,105.6,3,4,4,9,3,1,4,4,2
HH13250025,2672,105.6,3,4,4,17,3,1,4,3,2
HH17250035,6320,108.9,3,4,4,12,3,2,4,4,2
HH17250036,3884,82.5,3,4,4,6,1,,1,1,2
HH17250037,2781,66,2,4,4,2,3,1,2,2,2
HH18250007,3526,92.4,2,4,4,2,3,2,3,3,2
HH18250008,3449,105.6,2,3,5,3,3,3,4,3,2
HH18250002,4699,112.2,3,4,4,10,3,3,3,2,2
HH18250009,3065,82.5,1,3,4,2,3,2,1,2,2
HH18250010,3459,42.9,2,3,4,2,2,1,2,1,2
HH18250012,3449,105.6,1,3,6,1,3,1,2,1,2
HH14250002,705,79.2,3,4,4,7,3,,3,3,2
HH13250036,3449,105.6,3,4,2,9,3,2,3,4,2
HH16250022,1572,112.2,3,6,4,6,3,1,1,2,2
HH13250037,4081,105.6,3,4,4,15,3,2,3,4,2
HH13250038,4702,105.6,3,4,4,3,3,1,2,3,2
HH13250039,3520,108.9,3,5,3,10,3,2,4,3,2
HH17250038,3306,49.5,2,6,4,1,1,1,1,1,2
HH17250039,2522,132,1,6,5,3,3,2,4,2,2
HH17250040,3130,72.6,3,6,2,5,2,2,1,2,2
HH11250002,4724,102.3,3,4,4,11,3,1,2,3,2
HH11250003,3445,89.1,3,4,4,11,3,2,2,2,2
HH13250001,3394,99,3,4,4,3,3,2,2,2,2
HH15250003,3449,105.6,3,4,4,5,3,1,4,3,2
HH16250001,4525,72.6,3,4,4,11,3,3,3,3,2
HH16250002,2913,75.9,3,4,4,2,3,3,2,1,2
HH16250003,3686,115.5,3,6,4,5,3,2,4,2,2
HH16250004,2882,59.4,3,3,4,5,2,1,3,2,2
HH16250005,4724,75.9,3,4,4,9,3,3,2,1,2
HH16250006,2230,46.2,3,3,4,1,2,3,4,2,2
HH15250005,4875,105.6,1,3,4,1,3,1,3,3,2
HH15250007,4079,66,1,3,4,1,3,2,2,3,2
HH16250007,3209,82.5,2,3,5,2,3,,5,3,2
HH16250008,3445,89.1,1,2,4,1,3,,4,3,2
HH16250009,2617,49.5,1,3,4,2,2,1,2,2,2
HH13250002,3449,105.6,3,4,3,7,3,1,2,1,2
HH13250003,3394,99,1,4,4,2,3,2,6,3,2
HH12250003,3250,79.2,1,4,4,1,4,,2,1,2
HH12250004,3445,89.1,1,4,3,1,3,3,1,1,2
HH15250008,3940,99,2,4,3,1,3,3,3,2,2
HH17250041,7587,118.8,3,4,4,5,4,2,4,3,2
HH17250042,3520,108.9,3,4,5,19,3,1,3,2,2
HH17250043,3449,105.6,1,4,4,2,3,1,3,3,2
HH18250005,3445,89.1,1,3,4,1,3,1,2,2,2
HH18250011,4587,105.6,3,4,3,8,3,1,3,3,2
HH11260039,2940,82.5,3,4,2,1,3,3,2,3,2
HH11260040,3705,92.4,3,4,5,1,3,1,2,1,2
HH11260041,3249,72.6,3,4,2,1,3,3,3,1,2
HH11260042,2529,92.4,3,4,2,2,3,,1,1,2
HH11260043,3209,82.5,3,4,2,2,3,,1,1,2
HH11260047,4270,102.3,3,4,2,5,3,4,4,3,2
HH11260048,3402,33,1,1,6,1,1,,1,1,2
HH11260049,2893,42.9,2,1,4,2,2,,2,1,2
HH11260050,3932,79.2,3,4,2,7,2,2,5,3,2
HH11260052,3445,89.1,3,4,3,1,3,1,4,2,2
HH11260053,3895,89.1,3,4,2,8,3,,2,2,2
HH11260054,5806,92.4,1,3,4,2,3,1,3,3,2
HH11260055,3892,66,1,3,6,1,2,,1,1,2
HH17260001,2404,108.9,3,6,2,12,3,3,4,4,2
HH17260002,3611,105.6,2,4,3,3,3,1,3,2,2
HH14260001,3509,122.1,3,4,2,6,4,3,3,4,2
HH14260002,3684,105.6,3,4,2,17,3,4,3,3,2
HH14260003,4193,105.6,3,4,2,3,3,3,3,2,2
HH11260004,3192,82.5,2,3,4,3,3,3,2,3,2
HH11260006,4942,99,1,3,4,1,3,2,3,3,2
HH11260008,3145,79.2,3,5,2,1,3,1,4,3,2
HH14260004,3382,82.5,3,3,3,4,3,,3,2,2
HH14260005,3209,82.5,3,3,5,4,3,4,3,2,2
HH11260011,2781,102.3,1,3,5,2,3,4,2,3,2
HH17260003,2793,72.6,3,4,2,14,2,4,3,4,2
HH16260001,1705,42.9,2,5,3,3,1,2,1,2,2
HH17260004,4214,92.4,3,4,2,14,3,3,3,3,2
HH17260005,4452,92.4,3,4,2,11,3,4,3,2,2
HH15260002,2811,105.6,3,5,3,10,3,1,6,3,2
HH15260003,2899,105.6,3,5,2,6,3,1,1,1,2
HH12260002,3307,75.9,3,4,6,15,3,3,4,3,2
HH14260007,3903,79.2,3,4,2,4,3,2,4,3,2
HH11260017,3739,75.9,3,4,2,9,3,4,3,3,2
HH11260018,3066,112.2,3,4,4,8,3,1,3,2,2
HH11260019,4359,82.5,2,4,5,1,2,3,4,2,2
HH14260008,2769,89.1,1,4,5,1,3,3,2,3,2
HH16260002,3024,69.3,1,4,6,1,2,,1,1,2
HH14260009,3437,82.5,2,4,2,2,3,,4,3,2
HH15260004,4729,49.5,1,5,4,1,2,1,3,2,2
HH11260020,3003,66,1,3,4,1,3,3,3,3,2
HH17260006,3340,82.5,3,4,2,2,3,4,3,3,2
HH17260007,4314,72.6,3,4,2,12,2,1,4,2,2
HH17260009,4094,69.3,3,4,2,1,2,,4,3,2
HH17260011,3487,112.2,3,6,2,16,3,4,2,4,2
HH17260012,2573,102.3,2,6,3,2,3,4,3,3,2
HH15260001,3361,79.2,3,4,3,13,3,3,4,2,2
HH17260013,2626,82.5,1,4,5,2,2,1,3,3,2
HH18260005,3400,105.6,3,5,3,21,3,4,3,2,2
HH18260001,2932,66,1,2,6,1,3,,1,1,2
HH18260002,3310,105.6,3,6,2,2,3,2,4,3,2
HH18260004,4377,66,3,4,2,9,2,4,4,3,2
HH18260003,4827,85.8,3,4,2,5,3,3,5,3,2
HH18260006,2202,92.4,3,3,3,1,3,3,5,2,2
HH18260007,4915,66,3,4,2,2,2,4,5,3,2
HH11260021,2781,82.5,2,5,3,2,2,,1,1,2
HH11260022,3028,112.2,3,6,6,5,3,2,4,3,2
HH11260025,3630,69.3,3,5,2,2,2,3,3,2,2
HH11260003,2893,105.6,3,4,3,14,3,3,4,3,2
HH15260006,3326,79.2,3,4,2,2,2,3,4,1,2
HH15260007,4294,145.2,3,4,4,1,4,1,3,1,2
HH11260026,3692,79.2,3,5,4,9,3,3,4,3,2
HH11260027,1774,33,1,1,6,1,1,1,1,1,2
HH11260028,1706,36.3,1,3,6,1,2,,1,1,2
HH11260029,4060,46.2,1,2,5,1,2,1,1,1,2
HH11260030,2355,33,1,3,5,2,1,,1,1,2
HH13260001,3190,59.4,1,3,5,1,2,1,1,2,2
HH12260003,3023,66,1,2,6,1,2,2,1,1,2
HH11260031,4034,56.1,1,5,5,1,2,2,4,2,2
HH11260032,3825,85.8,1,3,5,2,3,1,4,3,2
HH11260033,2785,33,1,3,6,1,1,,1,1,2
HH11260034,3503,82.5,2,3,5,1,3,1,3,3,2
HH11260035,2711,89.1,1,3,6,1,4,1,1,1,2
HH12260004,2503,82.5,2,3,4,1,3,1,2,1,2
HH11260036,4207,59.4,1,3,5,1,3,2,3,2,2
HH15260008,2827,66,2,1,5,1,2,,2,3,2
HH11260037,1039,92.4,1,5,5,1,3,1,5,3,2
HH11260038,2024,33,1,5,6,1,3,1,2,3,2
HH17260015,2875,92.4,3,5,3,14,3,4,4,2,2
HH17260018,1503,52.8,1,1,6,1,3,,2,1,2
HH15260005,3636,102.3,3,4,2,9,3,3,4,2,2
HH12290002,512,39.6,1,5,5,3,2,2,1,1,3
HH12290003,5104,39.6,1,5,4,3,2,2,1,1,3
HH16290002,479,23.1,1,5,2,1,1,1,1,1,3
HH16290003,479,23.1,1,5,3,2,1,,1,1,3
HH16290001,479,23.1,1,5,4,2,1,2,1,1,3
HH17310001,1552,56.1,2,5,3,1,2,,1,3,3
HH18310004,2662,92.4,2,5,3,1,3,1,3,2,3
HH18310052,1540,72.6,2,5,3,2,3,1,4,2,3
HH18310054,3921,92.4,2,5,3,3,3,1,4,3,3
HH18310063,3877,92.4,2,5,3,2,3,1,3,2,3
HH13310057,3508,105.6,1,5,5,2,3,,5,4,3
HH18310087,3644,89.1,1,5,4,2,3,1,3,2,3
HH18310079,3666,155.1,1,5,4,2,3,1,4,3,3
HH18310082,2260,102.3,1,5,4,2,3,1,4,3,3
HH18310084,2753,92.4,1,4,4,2,3,1,4,2,3
HH13310059,3078,155.1,3,6,3,28,4,1,3,4,3
HH17310004,2827,95.7,3,4,2,4,3,1,3,4,3
HH17310005,3399,125.4,3,5,2,13,4,2,5,4,3
HH17310006,2176,72.6,3,4,3,2,3,2,3,2,3
HH17310007,4340,165,3,5,3,5,4,,5,4,3
HH18310050,2836,108.9,3,5,3,15,3,1,4,4,3
HH18310002,3404,99,3,5,2,16,3,1,5,4,3
HH18310005,2882,105.6,3,4,3,7,3,1,4,2,3
HH18310057,2378,95.7,3,5,3,5,3,2,4,3,3
HH17310009,4640,148.5,3,5,3,4,4,,4,3,3
HH18310058,3769,59.4,2,5,5,3,3,2,2,3,3
HH18310026,2364,49.5,2,5,3,3,2,,1,1,3
HH18310010,2728,49.5,2,4,4,2,2,,1,1,3
HH18310012,3745,59.4,1,5,4,2,3,3,4,2,3
HH18310014,3840,66,1,5,4,1,3,3,4,2,3
HH18310017,3129,49.5,1,5,4,2,3,2,3,2,3
HH18310019,3223,49.5,2,4,5,1,3,,3,3,3
HH18310030,2073,59.4,2,3,3,2,2,,5,2,3
HH18310034,3628,69.3,1,5,5,1,3,3,4,3,3
HH18310038,2221,59.4,1,5,5,3,3,,2,2,3
HH18310073,2093,49.5,2,5,4,2,2,3,2,1,3
HH18310075,2166,99,2,4,4,4,2,,1,4,3
HH18310042,3069,59.4,2,4,4,3,3,3,2,2,3
HH18310044,4361,59.4,2,5,4,2,3,,5,3,3
HH18310046,2468,49.5,2,4,4,4,3,,2,1,3
HH18310048,2950,59.4,2,4,5,4,3,3,3,3,3
HH18310022,4049,69.3,2,4,5,1,3,,4,2,3
HH18310025,3530,59.4,2,4,5,4,3,2,3,2,3
HH13310048,4356,105.6,3,5,3,16,3,,2,3,3
HH13310049,3282,105.6,3,5,3,12,3,,3,4,3
HH13310051,2637,105.6,3,5,3,10,3,2,4,4,3
HH13310054,4242,105.6,3,4,3,8,3,,4,4,3
HH17310016,1844,69.3,3,4,3,7,2,,3,3,3
HH17310017,2313,69.3,3,4,3,15,2,,4,3,3
HH17310019,1994,79.2,3,4,3,5,3,,3,4,3
HH17310020,1110,49.5,2,5,4,2,2,,1,2,3
HH17310021,3005,105.6,3,4,2,1,3,,4,4,3
HH17310022,4887,158.4,3,4,3,19,4,,4,4,3
HH17310024,2423,72.6,3,4,3,2,3,,2,2,3
HH17310025,2028,105.6,2,6,3,4,3,,4,3,3
HH17310026,3419,69.3,3,4,3,7,2,,3,3,3
HH18310085,2325,158.4,3,4,3,2,4,2,3,3,3
HH18310029,4236,85.8,3,4,3,5,3,3,4,4,3
HH18310041,4085,105.6,3,4,2,10,3,2,4,4,3
HH18310047,4652,138.6,3,5,3,10,2,1,2,2,3
HH13310099,3610,85.8,3,4,2,7,3,3,4,2,3
HH13310100,1717,52.8,3,5,2,8,1,,1,2,3
HH17310028,3536,105.6,3,5,3,13,3,2,2,1,3
HH17310029,3376,92.4,1,5,3,3,3,3,2,4,3
HH13310098,1817,69.3,3,6,2,10,2,2,3,1,3
HH17310030,4627,115.5,2,5,4,3,3,3,4,2,3
HH17310031,2643,92.4,3,4,3,20,3,4,4,3,3
HH17310032,2566,165,1,3,6,1,3,,2,1,3
HH17310035,3117,82.5,1,3,6,1,2,4,3,1,3
HH17310036,1708,49.5,1,4,6,1,2,,1,1,3
HH17310041,2274,59.4,1,2,6,1,2,4,2,1,3
HH17310042,2579,49.5,2,3,5,1,2,,2,1,3
HH17310046,2257,49.5,1,1,6,1,1,,1,1,3
HH17310047,2221,49.5,1,3,6,1,2,,2,1,3
HH17310048,1630,16.5,1,1,6,1,1,3,1,1,3
HH17310049,2542,82.5,3,4,2,15,3,3,3,3,3
HH18310060,3931,62.7,3,4,3,10,2,2,3,3,3
HH18310062,3335,66,2,4,3,2,2,,3,2,3
HH18310066,2480,49.5,2,5,5,4,2,,1,2,3
HH18310068,3646,52.8,3,5,3,7,2,3,3,2,3
HH18310069,2126,33,1,6,5,3,1,,1,2,3
HH18310071,4849,115.5,2,4,4,1,3,4,3,2,3
HH18310077,3292,99,1,5,5,3,3,4,2,2,3
HH18310080,4266,66,1,5,4,2,2,,4,2,3
HH18310083,3809,85.8,3,3,2,5,3,3,3,2,3
HH18310092,3060,69.3,2,6,3,2,3,3,3,2,3
HH18310093,2369,79.2,3,5,6,8,3,,2,1,3
HH18310115,3480,108.9,3,5,2,6,3,4,3,3,3
HH18310116,2790,79.2,3,4,3,15,3,3,4,3,3
HH18310117,3481,108.9,3,4,3,11,3,3,3,3,3
HH18310096,3316,56.1,3,4,3,11,3,3,3,3,3
HH18310099,4220,165,3,4,3,23,4,3,5,1,3
HH18310119,3520,108.9,3,6,2,12,3,3,3,3,3
HH18310101,2785,105.6,3,5,2,15,3,4,4,4,3
HH18310103,3061,79.2,3,5,2,9,3,3,3,3,3
HH16310002,3870,148.5,3,5,3,6,4,2,5,2,3
HH13310030,3213,75.9,2,4,2,2,2,2,2,2,3
HH13310032,2838,85.8,3,5,3,5,3,1,4,2,3
HH13310033,1340,99,3,5,3,4,3,,3,3,3
HH13310034,3395,132,3,6,3,2,4,2,6,2,3
HH13310035,3394,99,3,4,3,4,3,2,4,2,3
HH13310036,3310,102.3,3,4,2,3,3,2,5,2,3
HH13310037,2882,59.4,3,3,2,4,2,2,4,2,3
HH13310039,3977,99,3,6,3,12,3,2,3,3,3
HH11310014,3483,112.2,3,6,3,5,3,1,4,3,3
HH13310045,3624,184.8,3,4,3,3,4,1,3,3,3
HH17310058,3250,79.2,3,6,2,28,3,2,4,4,3
HH13310028,3080,59.4,2,4,3,1,2,1,1,1,3
HH17310060,3214,105.6,3,5,3,12,3,2,3,4,3
HH17310061,2987,62.7,3,6,2,14,2,1,1,1,3
HH17310062,1078,79.2,2,6,3,3,3,2,2,2,3
HH13310040,1221,108.9,3,5,2,12,3,2,3,3,3
HH17310064,3866,161.7,3,5,6,7,4,2,4,4,3
HH17310065,1718,82.5,3,5,3,13,3,2,3,2,3
HH17310066,3171,92.4,2,5,3,3,3,2,4,3,3
HH17310067,2558,52.8,1,2,5,2,2,1,2,1,3
HH17310068,182,95.7,3,6,3,20,3,2,4,4,3
HH18310045,3520,108.9,3,4,3,12,3,3,5,4,3
HH18310095,4030,148.5,3,5,3,13,4,2,6,3,3
HH18310028,3166,69.3,3,3,3,1,3,1,4,2,3
HH18310127,3166,69.3,3,3,2,4,3,1,4,2,3
HH18310067,3394,99,3,5,2,14,3,3,3,3,3
HH18310108,3462,69.3,3,3,2,2,3,1,2,2,3
HH18310111,5169,105.6,3,4,4,1,3,1,4,2,3
HH18310053,3449,105.6,2,6,5,2,3,2,4,3,3
HH13310010,3482,105.6,3,5,2,16,3,,3,3,3
HH12310025,2891,79.2,1,3,4,2,2,1,1,1,3
HH17310069,2506,66,2,4,4,3,3,3,3,2,3
HH17310070,3209,82.5,1,1,5,2,3,2,6,3,3
HH13310011,4289,115.5,1,6,5,1,3,2,4,2,3
HH18310036,3304,46.2,1,4,3,2,3,3,3,2,3
HH18310015,2665,79.2,3,5,5,1,2,2,2,2,3
HH18310120,2936,66,1,3,6,1,3,,3,3,3
HH18310121,3250,79.2,2,4,3,3,3,3,4,4,3
HH18310124,3400,59.4,1,4,5,2,3,1,2,2,3
HH18310125,2553,82.5,2,5,4,1,3,2,4,3,3
HH18310126,3875,52.8,3,4,2,3,2,2,4,2,3
HH18310162,3243,161.7,3,5,3,27,4,3,4,4,3
HH18310165,4265,105.6,3,4,3,7,3,,4,2,3
HH17310079,15555,99,1,4,6,1,3,,2,2,3
HH17310080,14996,89.1,1,4,6,1,3,,2,1,3
HH18310091,2346,66,1,3,6,1,3,,2,1,3
HH18310110,2657,79.2,1,3,6,1,3,,5,3,3
HH18310142,1166,49.5,1,1,6,1,2,,2,1,3
HH18310094,3035,99,1,5,6,1,3,,3,2,3
HH18310055,3823,72.6,3,5,3,3,2,2,2,3,3
HH18310018,1009,69.3,3,5,3,10,2,2,2,1,3
HH13310066,3166,69.3,3,4,2,12,2,3,4,3,3
HH17310081,3209,82.5,2,6,3,2,3,3,3,2,3
HH17310083,4708,99,1,5,6,1,3,,4,3,3
HH18310102,3164,66,1,4,5,1,3,2,3,2,3
HH18310129,2418,66,2,4,3,1,2,2,2,1,3
HH18310065,2585,59.4,2,5,5,2,2,,3,2,3
HH13310064,3209,82.5,3,6,3,2,3,,4,4,3
HH18310104,6399,148.5,1,4,6,1,4,3,5,4,3
HH18310130,3900,82.5,3,5,2,5,3,3,4,2,3
HH12310002,3655,207.9,1,5,5,1,4,2,2,3,3
HH12310003,3640,125.4,1,5,5,1,3,1,4,3,3
HH12310004,4638,224.4,1,5,4,1,4,2,4,3,3
HH11310005,4336,89.1,2,3,4,2,3,3,2,2,3
HH12310009,3403,79.2,2,3,4,1,2,3,3,2,3
HH14310005,3351,66,3,6,3,11,2,1,3,3,3
HH17310085,2558,52.8,2,3,3,3,2,,2,1,3
HH17310086,3520,112.2,3,6,3,17,3,,5,2,3
HH17310087,1137,59.4,2,3,6,2,2,,1,1,3
HH17310088,3133,75.9,3,6,3,11,2,1,4,3,3
HH17310090,2875,42.9,2,5,3,1,2,3,1,1,3
HH17310092,3115,69.3,2,3,5,3,2,3,2,2,3
HH17310093,3034,75.9,3,4,2,4,3,2,3,1,3
HH18310001,3081,148.5,1,6,4,1,3,2,2,2,3
HH18310008,3678,69.3,2,5,2,3,2,1,2,4,3
HH18310007,3939,79.2,2,3,4,2,2,3,3,2,3
HH18310132,2303,56.1,2,5,5,1,2,,2,1,3
HH18310133,1321,69.3,2,3,4,3,2,,1,2,3
HH13310002,2441,62.7,3,4,3,8,2,3,3,2,3
HH17310094,2954,115.5,1,3,5,3,3,2,2,2,3
HH18310006,3649,112.2,1,5,6,1,3,2,3,3,3
HH18310003,3949,115.5,1,3,5,3,3,1,4,4,3
HH18310135,4391,82.5,3,5,2,10,3,2,5,3,3
HH14310008,3225,85.8,3,4,3,13,3,2,2,1,3
HH13310006,3335,184.8,3,4,3,10,5,2,3,4,3
HH17310096,5779,161.7,3,6,3,29,4,2,4,4,3
HH17310097,3586,128.7,3,6,3,14,3,2,4,3,3
HH17310098,3185,105.6,3,4,3,9,3,2,4,2,3
HH18310020,3799,69.3,1,3,3,1,2,2,4,2,3
HH18310023,4259,105.6,1,4,5,1,3,2,4,3,3
HH18310027,4063,79.2,2,5,3,2,3,2,3,3,3
HH13310009,2460,148.5,3,3,2,10,4,3,3,1,3
HH13310016,3681,102.3,3,3,2,4,3,1,2,2,3
HH17310099,4902,168.3,3,5,2,18,4,1,3,3,3
HH17310101,5579,112.2,3,6,2,14,3,,4,4,3
HH18310009,2121,105.6,3,5,3,8,3,1,4,3,3
HH18310049,6425,69.3,3,4,2,2,2,,5,4,3
HH18310137,2184,108.9,3,4,2,12,3,1,2,4,3
HH16310001,2958,82.5,3,5,3,11,3,,2,2,3
HH17310103,3407,118.8,3,4,6,14,3,1,4,4,3
HH17310105,3141,105.6,3,5,2,13,3,,4,2,3
HH17310106,4085,214.5,1,6,5,2,5,1,4,3,3
HH18310016,23970,198,1,6,4,2,5,1,3,4,3
HH18310039,2944,102.3,3,4,3,5,3,1,3,2,3
HH18310138,3788,102.3,3,4,3,7,3,1,4,3,3
HH18310141,2933,102.3,3,4,3,11,3,1,4,3,3
HH18310089,6540,112.2,3,5,2,8,3,,4,4,3
HH18310031,4542,99,1,4,5,1,3,2,4,3,3
HH18310033,3009,72.6,2,4,4,3,2,2,2,2,3
HH18310164,2693,125.4,3,4,3,15,3,3,3,2,3
HH18310032,3250,79.2,3,4,2,11,3,2,2,1,3
HH18310144,3005,79.2,3,4,6,2,2,3,3,3,3
HH18310105,3034,79.2,3,4,2,6,2,3,1,1,3
HH18310070,3382,108.9,3,5,2,2,3,3,3,4,3
HH18310072,3471,108.9,3,5,2,3,3,3,4,4,3
HH18310074,3190,108.9,3,5,4,1,3,3,4,4,3
HH18310076,3222,108.9,3,5,3,3,3,2,4,4,3
HH18310081,2597,66,3,5,3,2,2,3,3,3,3
HH18310086,3122,108.9,3,5,3,12,3,3,3,4,3
HH18310136,3520,108.9,3,5,2,3,3,3,4,3,3
HH18310146,3093,108.9,3,5,2,6,3,3,3,3,3
HH18310078,2572,108.9,3,5,2,2,3,,2,2,3
HH17310110,7719,105.6,3,4,3,6,3,1,5,3,3
HH17310111,2931,105.6,3,6,4,19,3,1,4,2,3
HH17310112,2722,112.2,3,6,3,4,3,3,4,3,3
HH18310056,2996,105.6,3,5,3,9,3,2,3,3,3
HH18310061,3444,115.5,3,5,3,9,3,4,3,2,3
HH18310112,3880,66,1,4,4,2,3,2,4,3,3
HH18310147,3275,112.2,3,6,3,2,3,2,4,3,3
HH18310148,3177,82.5,3,6,4,1,3,1,4,2,3
HH18310149,2026,79.2,3,5,3,15,2,3,2,3,3
HH18310163,2410,79.2,3,4,3,11,3,1,2,4,3
HH17310115,4189,158.4,1,6,6,1,3,2,4,4,3
HH17310116,4342,165,1,6,6,1,3,,4,4,3
HH17310117,3925,112.2,1,6,6,1,3,,2,2,3
HH18310040,4232,148.5,1,6,6,1,3,,3,3,3
HH18310043,2980,141.9,1,6,6,1,4,,3,3,3
HH18310037,2920,89.1,3,4,3,10,3,3,1,2,3
HH18310150,2818,89.1,3,4,3,7,3,3,2,2,3
HH18310122,2428,89.1,3,4,3,11,3,3,2,1,3
HH13310077,2526,79.2,3,4,3,10,3,2,4,4,3
HH13310081,2731,108.9,3,5,4,20,3,1,4,3,3
HH13310084,3229,115.5,3,5,3,6,3,1,4,4,3
HH17310118,2074,92.4,3,4,3,4,3,,2,2,3
HH17310119,3365,115.5,3,5,3,1,3,,4,2,3
HH17310120,2858,105.6,3,4,3,14,3,3,2,2,3
HH13310087,1618,79.2,3,4,3,2,3,,6,2,3
HH18310131,1853,112.2,3,6,6,5,4,1,2,4,3
HH18310154,1361,82.5,3,6,3,21,3,4,3,4,3
HH18310128,3075,112.2,3,5,3,4,3,,4,3,3
HH18310134,3264,105.6,3,5,3,19,3,1,2,3,3
HH18310151,2133,75.9,3,4,3,7,3,,3,3,3
HH18310152,2451,108.9,3,4,3,10,3,3,2,2,3
HH18310153,3297,75.9,3,4,3,9,3,3,2,2,3
HH18310123,3972,75.9,3,4,3,5,3,3,1,2,3
HH18310155,2735,75.9,3,4,3,6,3,2,2,2,3
HH18310156,4675,99,3,4,3,20,3,1,2,1,3
HH18310157,1904,89.1,2,3,3,1,3,1,5,2,3
HH12310059,2070,112.2,1,4,6,1,3,,1,3,3
HH18310090,3865,105.6,3,5,3,6,3,,2,3,3
HH18310139,3696,82.5,3,4,2,8,3,2,3,3,3
HH18310140,2312,99,1,4,6,1,3,,1,1,3
HH18310051,3405,89.1,1,6,6,1,2,,2,1,3
HH18310088,1697,59.4,1,4,6,1,3,,2,1,3
HH18310114,3659,108.9,3,6,2,10,3,1,2,3,3
HH13310020,5908,161.7,3,6,3,6,4,2,4,3,3
HH13310019,2530,128.7,3,6,3,14,3,2,3,4,3
HH18310011,4727,79.2,3,6,3,3,3,1,1,2,3
HH18310013,2166,112.2,3,6,2,12,3,,4,2,3
HH18310143,4670,79.2,3,5,3,13,3,,2,2,3
HH18310097,3961,105.6,3,5,2,11,3,3,3,3,3
HH18310113,4275,105.6,3,5,2,3,3,,2,2,3
HH18310100,3997,105.6,3,5,3,5,3,,3,2,3
HH18310107,3470,105.6,3,5,3,7,3,,2,2,3
HH18310109,3841,79.2,3,5,2,11,3,,3,2,3
HH18310064,2720,82.5,3,5,3,7,3,3,4,3,3
HH18310158,3411,79.2,3,5,2,6,3,,4,3,3
HH18310106,2135,105.6,3,5,3,11,3,2,2,2,3
HH18310159,3033,79.2,3,6,2,8,3,,2,3,3
HH18310145,5378,79.2,3,5,3,8,3,,3,3,3
HH17310131,3879,105.6,3,4,2,5,3,2,2,1,3
HH17310132,3749,105.6,3,4,2,5,3,3,4,1,3
HH18310021,3173,66,1,4,6,1,2,,2,2,3
HH18310024,4221,105.6,3,5,2,6,3,2,3,3,3
HH17310133,2010,112.2,3,4,2,4,3,,2,2,3
HH17310134,6808,122.1,1,4,5,1,3,4,2,2,3
HH18310160,15592,99,1,3,6,1,3,1,3,3,3
HH13310001,1651,99,1,4,6,1,3,2,4,3,3
HH18310161,7598,99,1,6,6,1,3,4,2,2,3
HH15320010,3445,89.1,1,1,6,1,3,,3,1,3
HH15320011,1545,82.5,1,4,6,1,2,,2,1,3
HH16320004,3101,59.4,1,3,6,1,1,,1,1,3
HH15320015,3686,82.5,1,3,4,2,4,1,4,1,3
HH11320025,2412,42.9,3,3,4,3,2,,1,1,3
HH11320028,2617,49.5,3,1,2,1,2,1,2,2,3
HH11320030,2537,56.1,3,3,3,1,3,,1,1,3
HH11320031,2560,56.1,3,3,2,2,3,,1,1,3
HH14320002,2617,49.5,3,3,2,3,2,2,2,1,3
HH17320003,2560,56.1,2,5,4,2,3,2,2,1,3
HH17320004,4900,99,1,4,6,1,4,,2,3,3
HH17320005,2560,56.1,2,4,3,1,2,,1,1,3
HH17320007,3250,79.2,2,6,3,1,3,2,3,2,3
HH15320012,1837,102.3,3,4,6,5,3,4,2,2,3
HH17320008,1231,56.1,3,3,3,3,2,,1,1,3
HH17320009,1420,56.1,3,3,3,3,3,,1,1,3
HH18320012,2960,85.8,1,3,6,1,3,,1,1,3
HH18320001,2560,56.1,3,3,4,3,2,,1,1,3
HH18320003,3003,66,2,4,3,2,2,,2,1,3
HH18320005,2560,56.1,3,3,3,3,3,,2,1,3
HH18320035,2560,56.1,3,3,4,1,3,1,2,1,3
HH18320013,4625,79.2,3,4,2,1,3,1,2,1,3
HH18320011,4241,99,1,4,4,2,4,3,2,1,3
HH18320015,3400,59.4,1,4,4,1,3,2,1,1,3
HH12320033,3506,56.1,3,4,4,2,2,,1,3,3
HH12320036,4192,155.1,3,6,3,13,4,1,2,1,3
HH12320038,4582,148.5,3,5,2,6,4,2,3,3,3
HH15320007,3209,82.5,2,3,4,4,3,3,4,1,3
HH12320043,15685,99,1,4,4,1,4,2,4,3,3
HH17320010,3686,115.5,3,3,2,6,3,3,2,4,3
HH17320011,4192,155.1,3,5,2,9,4,3,3,2,3
HH17320013,3364,125.4,3,4,3,12,3,1,2,1,3
HH15320003,3400,108.9,3,5,3,10,3,1,5,2,3
HH17320016,1697,82.5,3,5,2,14,1,1,3,1,3
HH18320004,22723,217.8,1,5,4,1,4,1,4,4,3
HH18320007,3209,82.5,1,3,4,1,4,1,3,2,3
HH18320009,3213,75.9,3,5,3,8,3,2,4,3,3
HH18320044,3236,75.9,1,5,6,1,2,1,1,2,3
HH18320045,3250,79.2,3,5,3,5,3,3,5,3,3
HH18320006,16098,66,1,2,6,1,2,,2,1,3
HH18320014,3395,132,1,5,6,1,3,1,1,1,3
HH18320016,3817,108.9,3,5,3,14,3,1,2,2,3
HH18320017,3130,72.6,1,3,6,1,3,,3,2,3
HH18320020,2413,59.4,1,3,6,1,2,3,1,1,3
HH18320021,3209,82.5,1,6,6,1,3,1,2,1,3
HH18320023,3107,82.5,1,1,6,1,3,1,1,1,3
HH18320025,3003,66,1,1,6,1,3,,2,1,3
HH18320026,4397,82.5,1,4,6,1,2,,2,1,3
HH11320002,2617,49.5,1,4,6,1,2,1,2,1,3
HH12320004,3666,105.6,3,4,2,3,3,2,2,1,3
HH12320008,4010,108.9,3,6,2,6,3,2,4,2,3
HH17320023,4032,141.9,1,3,4,1,5,1,3,3,3
HH17320024,3209,82.5,1,3,4,2,3,,4,2,3
HH17320025,4077,92.4,2,4,4,4,4,3,3,4,3
HH17320034,5431,211.2,1,3,5,1,3,2,2,3,3
HH17320035,2150,89.1,1,5,6,1,3,1,2,2,3
HH18320028,2220,82.5,1,3,4,1,3,1,3,3,3
HH18320030,5431,211.2,1,3,5,1,4,2,2,2,3
HH18320032,2558,52.8,1,3,5,2,2,1,2,2,3
HH18320034,3995,69.3,3,4,2,6,3,1,4,2,3
HH18320037,3166,69.3,3,3,2,1,2,,2,1,3
HH18320038,2544,79.2,2,3,2,2,3,2,3,3,3
HH18320039,2917,82.5,1,6,5,1,3,1,3,2,3
HH18320040,13525,82.5,1,4,6,1,3,1,3,3,3
HH18320041,3310,102.3,1,6,4,1,3,1,4,2,3
HH18320042,3250,79.2,3,4,2,17,3,4,2,4,3
HH11320011,2660,82.5,2,3,3,1,3,1,1,1,3
HH17320037,3209,82.5,2,3,3,2,3,1,2,1,3
HH17320039,3209,82.5,2,3,3,3,3,2,2,3,3
HH17320040,2960,85.8,2,3,3,3,3,,4,1,3
HH18320002,3209,82.5,2,3,3,2,3,3,1,1,3
HH18320043,2940,82.5,2,4,3,1,3,1,2,1,3
HH18320046,3003,66,3,4,2,15,2,2,2,2,3
HH18320047,3003,66,3,4,2,12,2,2,2,3,3
HH18320048,1713,66,3,5,3,12,2,2,5,2,3
HH18320049,3003,66,3,4,2,15,2,,4,2,3
HH18320050,3003,66,3,4,2,15,3,2,2,2,3
HH11320015,2836,99,1,3,4,2,3,2,5,4,3
HH17320046,3209,82.5,1,5,4,1,3,2,1,1,3
HH17320047,3250,79.2,1,3,6,1,3,2,1,3,3
HH12320023,3209,82.5,1,2,4,2,4,1,4,3,3
HH12320024,2383,46.2,1,1,6,1,3,,3,3,3
HH18320029,3130,72.6,2,5,6,1,3,1,3,3,3
HH15320020,2960,85.8,1,4,6,1,3,1,1,2,3
HH15320025,3003,66,1,6,6,1,2,,1,1,3
HH17320049,3209,82.5,2,5,3,1,3,,1,1,3
HH17320050,3686,115.5,3,6,3,6,4,1,4,3,3
HH17320051,3445,89.1,1,5,6,1,3,1,3,2,3
HH18320018,3583,112.2,3,5,3,3,3,1,2,2,3
HH18320019,4393,112.2,3,5,2,9,3,1,3,3,3
HH18320051,3583,112.2,3,5,2,10,3,1,4,2,3
HH18320022,33099,132,1,6,6,2,3,1,2,2,3
HH12320048,4638,224.4,1,5,6,1,3,1,2,1,3
HH12320050,15555,99,1,4,6,1,3,1,2,1,3
HH18320031,10872,82.5,1,4,6,1,2,1,4,2,3
HH18320010,3394,99,1,4,6,1,2,1,2,3,3
HH12320027,3003,66,1,6,6,1,2,1,1,1,3
HH16320001,2882,59.4,1,4,6,1,2,1,1,1,3
HH12320030,3209,82.5,1,4,6,1,3,,1,1,3
HH16320002,3209,82.5,1,2,6,1,2,3,1,1,3
HH18320033,2617,49.5,1,2,6,1,1,1,1,1,3
HH18320036,10872,82.5,1,4,6,1,3,1,2,2,3
HH17320053,3003,66,3,4,2,2,3,3,1,2,3
HH18320008,1561,66,3,4,2,5,3,2,1,3,3
HH18320052,2368,66,2,4,2,1,3,3,4,3,3
HH17320054,14792,99,1,5,6,1,3,,1,1,3
HH12320011,3003,66,1,6,6,1,2,1,2,2,3
HH12320012,16532,99,1,2,5,0,2,1,1,1,3
HH12320013,3130,72.6,1,4,5,0,2,,1,1,3
HH12320014,2558,52.8,1,4,4,1,2,2,3,3,3
HH11320016,3736,89.1,1,6,6,1,3,1,2,1,3
HH11320017,3628,89.1,1,4,6,1,3,2,2,2,3
HH12320026,3067,92.4,1,3,6,1,4,2,2,1,3
HH11320018,4360,82.5,1,4,6,1,3,2,2,2,3
HH11320019,15555,99,1,4,4,2,3,1,2,2,3
HH11320021,3209,82.5,1,3,6,1,4,2,1,1,3
HH11320023,2617,49.5,1,1,6,1,1,,2,1,3
HH17320055,10872,82.5,1,4,6,1,3,,1,1,3
HH18320024,15054,92.4,1,4,6,1,3,2,2,1,3
HH18320027,2735,62.7,1,1,6,1,4,,2,1,3
HH11330015,3555,75.9,1,4,5,1,3,3,2,1,3
HH11330016,32131,128.7,1,5,6,1,4,3,1,1,3
HH11330017,15555,99,1,1,6,1,3,3,2,2,3
HH11330018,15481,92.4,1,5,6,1,4,3,1,1,3
HH11330019,1995,85.8,2,4,6,1,4,3,2,1,3
HH13330024,3748,99,1,2,6,1,2,4,2,1,3
HH11330020,3364,125.4,1,4,6,1,4,3,2,1,3
HH13330025,15516,99,1,5,5,1,3,3,2,1,3
HH13330026,3227,82.5,1,3,6,1,2,,1,1,3
HH13330027,2496,23.1,1,1,6,1,1,2,2,1,3
HH13330028,10183,112.2,1,5,6,1,3,3,2,1,3
HH13330029,4005,99,1,4,6,1,3,3,2,1,3
HH13330030,3207,95.7,1,4,6,1,3,3,3,1,3
HH14330006,1968,79.2,3,5,3,2,3,3,3,2,3
HH14330007,1370,79.2,3,5,5,5,3,3,1,1,3
HH12330029,4504,79.2,3,5,4,9,3,2,3,3,3
HH13330034,2171,66,3,4,4,2,2,3,2,1,3
HH13330035,2554,66,3,4,4,4,2,3,2,2,3
HH16330024,3302,82.5,1,5,6,1,2,3,1,1,3
HH12330028,2717,99,1,4,6,1,2,,3,2,3
HH17330001,2617,49.5,2,3,3,3,2,3,2,1,3
HH12330016,2171,66,3,4,6,6,2,3,3,2,3
HH17330004,2199,39.6,3,3,2,3,2,3,1,1,3
HH17330005,1435,66,3,4,6,3,2,,3,3,3
HH13330031,2543,66,3,4,6,10,2,2,2,1,3
HH17330021,18836,99,1,5,6,1,3,3,2,1,3
HH18330002,5013,112.2,3,6,3,6,3,2,2,3,3
HH18330003,2924,79.2,3,5,6,3,3,3,1,2,3
HH18330006,2051,66,3,4,6,4,2,3,1,1,3
HH18330004,2985,79.2,3,4,2,9,3,,1,2,3
HH14330001,1580,62.7,3,4,4,2,2,2,4,2,3
HH14330003,2412,42.9,3,3,6,2,2,3,1,1,3
HH18330001,1681,85.8,3,4,4,6,2,3,1,1,3
HH12330008,2882,59.4,2,4,5,1,2,2,5,2,3
HH12330009,2882,59.4,2,4,4,3,2,2,3,2,3
HH12330010,2882,59.4,2,2,4,3,2,,1,1,3
HH13330007,3003,66,2,4,5,1,2,2,2,1,3
HH12330011,2882,59.4,2,4,5,1,2,2,2,2,3
HH16330006,15660,95.7,1,2,6,1,3,2,2,1,3
HH16330007,1815,66,1,3,6,1,3,,2,1,3
HH11330010,15017,92.4,1,1,6,1,3,2,2,2,3
HH11330011,32131,128.7,1,3,6,1,3,2,2,2,3
HH16330008,24345,115.5,1,5,6,1,3,1,2,2,3
HH13330008,14659,85.8,1,4,6,1,3,1,5,3,3
HH17330007,544,82.5,1,3,6,1,2,2,3,3,3
HH17330008,4546,75.9,3,4,2,8,3,1,3,4,3
HH11330012,1955,85.8,1,3,6,1,3,2,2,1,3
HH16330009,863,92.4,2,4,5,4,3,1,3,3,3
HH16330010,2882,59.4,1,2,6,1,3,3,2,1,3
HH14330004,1814,33,3,5,4,14,1,,1,1,3
HH12330013,2024,33,2,3,4,2,1,,1,1,3
HH16330012,479,23.1,2,5,3,1,1,,1,1,3
HH15330003,2383,82.5,3,5,3,10,3,,1,1,3
HH16330014,3714,82.5,3,5,2,5,3,1,1,2,3
HH16330015,3378,79.2,3,5,3,9,3,1,2,2,3
HH13330010,3095,36.3,3,4,2,2,2,,4,1,3
HH15330004,2638,36.3,3,4,2,1,2,2,1,1,3
HH13330011,3209,82.5,3,4,3,12,3,1,3,2,3
HH17330009,17749,99,1,5,3,3,3,2,3,2,3
HH17330011,3250,79.2,1,3,6,1,3,,5,4,3
HH17330012,4192,155.1,1,3,6,1,3,2,1,1,3
HH12330012,2174,23.1,1,5,2,1,1,3,1,1,3
HH17330013,479,23.1,1,5,6,1,1,,2,1,3
HH12330014,3209,82.5,3,5,2,10,3,,4,2,3
HH17330014,2561,99,1,3,5,1,3,2,1,1,3
HH18330005,22113,174.9,1,3,6,1,4,2,4,4,3
HH13330012,468,69.3,3,5,4,15,2,2,2,2,3
HH13330013,3166,69.3,3,5,4,18,2,2,2,1,3
HH13330014,841,75.9,3,5,5,1,2,3,4,2,3
HH16330019,846,75.9,3,5,4,1,3,1,2,1,3
HH16330020,2968,75.9,3,5,3,12,3,2,2,1,3
HH12330022,3213,75.9,3,5,3,15,2,2,2,1,3
HH12330023,5045,75.9,3,5,4,6,2,2,2,2,3
HH12330024,3583,112.2,2,6,5,4,3,2,3,2,3
HH13330015,1811,36.3,3,3,4,2,2,1,1,1,3
HH13330016,1811,36.3,3,3,4,2,2,1,1,1,3
HH16330021,3003,66,3,3,6,2,2,1,1,1,3
HH16330022,1811,36.3,3,3,2,3,1,1,1,1,3
HH17330015,1811,36.3,3,3,4,4,2,3,1,1,3
HH12330025,3130,72.6,1,4,6,1,2,2,3,2,3
HH13330019,4782,66,1,4,5,2,2,2,4,4,3
HH13330020,3385,99,1,3,5,2,3,2,2,1,3
HH12330026,13689,102.3,1,4,4,1,4,3,1,2,3
HH12330027,3364,125.4,1,3,5,1,3,3,3,1,3
HH13330022,2195,72.6,2,4,4,1,2,2,4,2,3
HH13330018,3003,66,1,3,4,3,3,,2,1,3
HH16330023,479,23.1,1,4,2,1,1,2,1,2,3
HH17330016,2960,85.8,2,6,4,4,3,1,4,4,3
HH12330017,3130,72.6,1,2,6,1,3,2,1,1,3
HH12330018,3209,82.5,1,2,6,1,3,2,2,2,3
HH12330019,3583,112.2,3,4,5,10,3,1,4,3,3
HH16330016,3310,102.3,3,4,4,1,3,1,3,2,3
HH16330017,3583,112.2,3,4,4,6,3,2,4,3,3
HH16330018,2943,112.2,3,4,3,6,3,2,3,3,3
HH12330020,3023,112.2,3,4,4,9,3,2,3,3,3
HH12330002,3198,95.7,1,1,6,1,3,3,3,2,3
HH12330003,3003,66,1,2,6,1,2,3,2,1,3
HH12330004,4430,99,2,1,4,2,3,3,3,2,3
HH12330005,495,52.8,3,4,2,14,2,3,1,3,3
HH12330006,4277,66,3,5,4,5,2,3,4,2,3
HH16330002,3203,66,3,5,6,8,2,3,4,1,3
HH13330004,1725,66,3,5,2,8,2,3,2,2,3
HH13330005,1852,52.8,3,5,4,9,2,3,3,1,3
HH16330003,15660,95.7,2,5,3,3,1,2,1,1,3
HH16330004,3446,99,1,3,6,1,3,2,2,1,3
HH11330009,3394,99,1,2,6,1,3,2,2,1,3
HH16330005,3250,79.2,1,5,3,2,3,,1,1,3
HH13330006,2504,79.2,1,3,4,2,3,2,2,1,3
HH12330007,14996,89.1,1,4,6,1,3,3,2,2,3
HH13330001,15054,92.4,1,4,6,1,3,3,2,1,3
HH11330001,3209,82.5,1,4,5,1,3,1,2,1,3
HH11330002,3445,89.1,1,5,6,1,4,2,1,1,3
HH13330002,4917,95.7,1,6,6,1,3,3,3,1,3
HH11330003,2882,59.4,1,1,6,1,2,,2,1,3
HH11330004,3213,75.9,1,4,6,1,3,3,4,2,3
HH11330005,2258,39.6,1,5,6,1,2,1,2,1,3
HH11330007,3213,75.9,1,3,6,1,3,3,3,2,3
HH17330018,3285,105.6,3,4,2,10,3,3,2,2,3
HH17330019,6010,99,1,3,6,1,3,,1,1,3
HH17330020,2617,49.5,1,2,6,1,2,,1,1,3
HH13340042,3213,75.9,2,4,5,1,3,1,5,2,3
HH16340017,3213,75.9,2,4,2,2,3,2,1,1,3
HH16340018,3250,79.2,3,3,2,2,2,3,5,2,3
HH16340019,3250,79.2,2,3,2,3,3,,2,2,3
HH16340021,3250,79.2,3,3,4,5,3,2,2,1,3
HH16340022,3198,95.7,3,3,2,2,3,2,2,1,3
HH16340023,2560,56.1,3,4,2,13,1,1,3,2,3
HH16340024,2560,56.1,3,4,2,2,1,1,3,2,3
HH16340025,2560,56.1,3,4,2,3,1,2,2,2,3
HH16340026,2560,56.1,3,4,2,3,1,1,1,3,3
HH16340029,3208,79.2,3,4,2,11,2,1,3,3,3
HH16340031,3250,79.2,3,4,2,3,2,1,2,3,3
HH16340032,3048,79.2,3,4,2,6,3,2,4,2,3
HH16340033,527,79.2,3,4,2,12,3,1,2,1,3
HH13340045,4545,75.9,1,6,6,1,2,3,2,2,3
HH16340028,2560,56.1,3,4,2,2,2,,3,2,3
HH17340001,3250,79.2,3,4,3,4,3,1,4,2,3
HH18340014,2560,56.1,3,4,2,3,1,3,2,3,3
HH18340002,3686,115.5,3,5,2,9,3,1,2,3,3
HH18340004,3067,92.4,1,4,4,2,3,1,3,3,3
HH18340015,3003,66,2,3,2,3,3,1,1,1,3
HH18340009,3003,66,3,3,2,3,3,1,1,1,3
HH12340004,3430,138.6,1,5,5,3,4,2,2,4,3
HH12340005,2024,33,1,5,6,1,1,,1,1,3
HH12340006,2383,46.2,1,2,6,1,2,2,3,2,3
HH11340023,5178,33,1,6,6,1,1,1,2,2,3
HH13340050,3209,82.5,1,3,6,1,3,,6,3,3
HH17340002,1731,82.5,2,6,3,33,3,2,3,4,3
HH15340013,2027,82.5,2,6,3,21,3,1,3,4,3
HH17340003,826,33,1,6,4,1,1,3,2,1,3
HH17340004,1612,52.8,1,1,6,1,1,,2,1,3
HH17340005,6736,165,1,1,6,1,3,1,2,1,3
HH17340006,3067,92.4,1,4,6,1,3,1,4,2,3
HH17340007,3003,66,3,4,2,13,2,2,3,3,3
HH18340011,3583,112.2,3,6,3,26,3,1,4,3,3
HH18340012,3583,112.2,3,5,3,10,3,1,3,4,3
HH18340010,15555,99,1,4,6,1,3,2,1,1,3
HH13340002,2767,85.8,1,4,6,1,3,3,2,1,3
HH13340003,2631,99,1,5,6,1,3,,1,1,3
HH11340001,28485,72.6,1,1,6,1,3,3,2,1,3
HH13340004,3395,99,1,5,6,1,3,,2,1,3
HH13340005,4101,99,1,5,6,1,3,,1,1,3
HH13340006,3003,66,1,3,6,1,2,,1,1,3
HH13340007,3831,66,1,4,6,1,3,3,2,1,3
HH13340008,16098,59.4,1,4,6,1,2,,1,1,3
HH13340009,3370,99,1,4,6,1,3,,2,1,3
HH13340010,2541,99,1,4,6,1,3,,1,1,3
HH17340008,763,26.4,2,6,3,2,1,1,2,2,3
HH18340005,3398,82.5,1,3,6,1,3,1,2,2,3
HH18340006,2768,92.4,3,4,3,1,3,2,2,2,3
HH18340007,2970,82.5,3,6,4,10,2,3,4,3,3
HH15340004,3022,79.2,3,4,3,3,3,2,3,2,3
HH11340014,3279,105.6,1,3,6,1,4,3,2,1,3
HH11340015,3678,85.8,1,2,6,1,3,2,5,2,3
HH11340016,2011,85.8,1,2,5,1,3,,1,1,3
HH11340017,2351,59.4,1,4,5,2,2,3,3,2,3
HH14340003,3310,102.3,1,3,3,1,3,,1,1,3
HH11340018,3213,75.9,3,4,3,3,3,3,1,1,3
HH11340019,3839,75.9,3,4,4,9,3,,5,3,3
HH11340020,3213,75.9,3,4,3,10,3,3,2,1,3
HH16340013,3250,79.2,3,4,4,15,3,2,4,2,3
HH16340014,2675,75.9,3,4,3,2,3,2,4,3,3
HH16340016,2706,79.2,3,4,2,9,3,2,4,3,3
HH15340008,2062,62.7,2,4,3,1,3,,2,2,3
HH17340009,2735,62.7,2,4,3,2,3,,4,2,3
HH15340011,3280,79.2,2,4,3,1,3,,6,2,3
HH14340004,2889,112.2,3,6,4,21,3,2,3,2,3
HH16340015,2932,95.7,3,6,4,4,3,2,4,4,3
HH17340010,2960,85.8,2,4,3,1,3,2,2,1,3
HH17340011,3209,82.5,2,4,3,2,3,,4,1,3
HH18340008,2882,59.4,2,4,3,1,3,2,3,4,3
HH13340028,15164,99,1,5,6,1,3,2,2,2,3
HH12340002,1874,82.5,1,2,6,1,4,4,1,1,3
HH16340001,1003,79.2,3,4,3,1,3,2,3,2,3
HH14340001,2960,79.2,3,5,4,12,2,2,2,2,3
HH11340005,2412,42.9,3,3,2,3,2,,1,1,3
HH13340011,4932,46.2,3,3,5,1,2,1,4,2,3
HH13340012,2393,42.9,3,3,4,4,2,3,2,2,3
HH13340013,1379,46.2,3,3,4,4,2,1,2,1,3
HH11340007,2412,42.9,3,3,3,5,2,,1,1,3
HH13340015,1868,46.2,3,3,4,3,2,2,1,1,3
HH13340016,2120,46.2,3,3,4,3,2,2,4,1,3
HH16340002,2475,72.6,1,4,6,1,2,,2,1,3
HH17340013,135,82.5,2,4,5,1,2,,1,1,3
HH16340006,2274,92.4,1,6,6,1,2,,1,1,3
HH17340014,2558,52.8,1,3,6,1,2,3,1,1,3
HH17340015,2882,59.4,1,2,6,1,2,2,1,1,3
HH17340016,2748,82.5,1,2,5,1,3,2,2,2,3
HH17340017,3003,66,1,3,6,1,2,2,2,2,3
HH17340018,3003,66,1,2,6,1,2,1,2,2,3
HH17340019,4097,42.9,3,3,4,2,2,1,1,1,3
HH11340003,2412,42.9,3,3,4,1,2,2,2,2,3
HH17340020,1627,49.5,3,3,3,3,2,,1,1,3
HH11340002,2213,42.9,3,3,4,1,2,3,2,1,3
HH17340021,2412,42.9,3,3,2,1,2,1,1,1,3
HH17340022,2585,42.9,3,3,2,2,2,2,5,2,3
HH17340023,2617,49.5,3,3,3,3,2,2,1,1,3
HH17340024,3679,85.8,1,6,6,1,2,1,2,2,3
HH17340025,2884,85.8,1,4,6,1,3,2,2,1,3
HH17340027,990,82.5,1,4,4,1,3,3,5,1,3
HH17340028,695,62.7,1,2,6,1,3,,1,1,3
HH18340001,3322,132,1,5,4,1,3,3,3,3,3
HH18340003,4047,158.4,1,5,5,2,4,2,4,4,3
HH11340010,1563,33,1,1,6,1,1,,1,1,3
HH12340001,2781,105.6,1,1,6,1,3,2,2,1,3
HH16340007,3155,39.6,1,1,6,1,1,,1,1,3
HH11340012,4083,39.6,1,5,6,1,1,2,2,1,3
HH11340013,2950,69.3,1,2,6,1,3,3,3,1,3
HH13340019,3827,89.1,3,5,5,1,3,,2,3,3
HH16340008,2305,125.4,3,5,3,5,3,3,2,2,3
HH13340020,1446,89.1,3,5,4,7,3,3,1,1,3
HH17340029,4108,125.4,3,5,4,8,3,3,4,4,3
HH16340009,1690,125.4,3,5,3,9,3,3,2,2,3
HH13340022,2838,125.4,3,5,5,10,3,2,3,3,3
HH13340023,1783,125.4,3,5,5,1,3,,2,1,3
HH13340024,3634,125.4,3,5,4,2,3,2,1,2,3
HH13340025,2320,125.4,3,5,4,7,3,3,4,3,3
HH13340026,4556,122.1,3,5,5,1,3,3,2,2,3
HH13340027,4772,125.4,3,5,4,3,3,2,3,3,3
HH16340012,3075,125.4,3,5,3,3,3,3,3,3,3
HH17340030,2255,59.4,2,4,4,2,3,2,2,1,3
HH11340011,4205,99,2,6,3,4,3,2,2,2,3
HH13340030,14219,85.8,1,2,6,1,4,3,1,1,3
HH13340031,29207,69.3,1,3,6,1,3,3,2,2,3
HH13340032,3104,66,1,4,6,1,3,,2,1,3
HH13340033,2081,79.2,1,5,6,1,2,3,2,1,3
HH13340034,16780,82.5,1,3,6,1,3,,2,2,3
HH14340002,23880,115.5,1,4,6,1,3,,2,3,3
HH13340035,12474,66,1,4,6,1,2,,1,1,3
HH13340036,22073,99,1,1,6,1,3,3,2,1,3
HH13340037,3510,66,1,3,6,1,2,4,2,2,3
HH13340038,24477,99,1,6,6,1,3,,5,2,3
HH13340039,2188,89.1,1,5,6,1,3,,2,2,3
HH13340040,4901,69.3,1,4,6,1,3,,2,2,3
HH13340051,3394,99,1,4,6,1,3,,1,2,3
HH13340053,16098,66,1,3,6,1,3,2,5,2,3
HH18340016,3209,82.5,1,1,6,1,3,3,1,1,3
HH12340008,3445,66,1,2,6,1,3,,2,2,3
HH16340035,4555,82.5,2,5,4,1,3,1,4,2,3
HH16340036,2721,95.7,2,5,3,2,3,1,2,2,3
HH12340009,5731,95.7,2,4,4,3,3,1,3,2,3
HH16340037,3240,95.7,2,5,3,3,3,2,3,3,3
HH16340038,3315,82.5,2,5,4,4,3,2,1,3,3
HH16340039,2721,95.7,2,5,3,1,3,3,2,2,3
HH13340054,3249,82.5,1,4,6,1,3,2,3,1,3
HH13340055,3502,56.1,1,3,6,1,3,1,2,2,3
HH13340056,7165,82.5,1,5,6,1,3,1,1,1,3
HH13340057,6761,82.5,1,3,6,1,3,2,1,1,3
HH13340058,3915,95.7,1,5,6,1,3,,2,1,3
HH13340059,4511,82.5,1,1,6,1,3,2,2,2,3
HH16340040,3257,72.6,1,4,6,1,3,2,2,2,3
HH13340060,2619,82.5,1,4,6,1,3,2,1,1,3
HH13340061,4455,59.4,1,2,6,1,2,2,2,3,3
HH13340062,9890,99,1,5,5,1,3,1,1,1,3
HH18340013,2617,49.5,1,1,6,1,3,,1,1,3
HH11350041,4165,56.1,1,5,6,1,2,,2,1,3
HH11350042,1634,75.9,1,4,6,1,4,,2,2,3
HH11350043,3166,69.3,1,5,6,1,3,,2,1,3
HH11350047,2330,79.2,3,4,4,5,1,,4,2,3
HH11350048,3619,79.2,3,5,4,7,3,1,3,2,3
HH12350016,5490,79.2,3,4,2,8,3,2,4,3,3
HH17350001,4729,75.9,3,4,3,4,2,1,3,3,3
HH17350002,2306,75.9,3,5,4,9,2,,1,1,3
HH17350003,4526,79.2,3,5,5,18,3,1,4,3,3
HH17350005,3449,105.6,3,5,2,6,3,2,4,3,3
HH18350034,4507,122.1,3,4,2,3,4,1,5,4,3
HH18350031,3364,125.4,2,5,4,4,3,1,2,1,3
HH18350035,3464,105.6,3,4,3,11,3,1,4,3,3
HH18350013,5434,99,3,4,2,2,4,1,3,4,3
HH18350016,3685,79.2,3,4,4,15,3,1,4,4,3
HH12350014,3104,33,2,3,6,1,1,,2,2,3
HH17350010,4751,105.6,3,5,5,4,3,1,3,2,3
HH17350011,3295,82.5,3,4,6,8,3,1,3,2,3
HH17350012,3969,69.3,3,4,6,5,2,1,4,1,3
HH17350013,3658,79.2,3,3,6,2,3,,2,2,3
HH17350014,3690,102.3,3,4,6,7,3,2,4,2,3
HH18350032,3656,184.8,1,5,3,1,3,1,4,2,3
HH18350018,1290,66,2,6,2,2,3,1,2,2,3
HH18350021,4001,184.8,1,5,4,2,3,,5,3,3
HH18350036,3748,95.7,3,4,2,1,2,1,3,2,3
HH18350010,2238,79.2,2,4,3,1,3,1,3,2,3
HH11350013,1893,56.1,2,5,3,1,2,2,3,2,3
HH11350014,2560,56.1,2,5,3,1,2,2,4,2,3
HH18350011,2174,23.1,2,6,3,3,1,2,1,1,3
HH18350012,3555,46.2,2,5,2,2,2,1,1,1,3
HH18350014,399,46.2,2,5,3,2,2,1,1,1,3
HH18350017,2258,39.6,2,5,2,2,2,,2,1,3
HH18350019,1812,46.2,2,5,3,3,2,1,3,1,3
HH18350022,2383,46.2,2,5,3,1,2,,2,3,3
HH18350023,2909,46.2,2,5,3,3,2,,2,1,3
HH18350024,2187,46.2,2,5,2,1,2,,2,1,3
HH18350003,2572,39.6,2,5,3,2,2,,2,1,3
HH18350006,3691,39.6,2,5,3,3,2,,1,1,3
HH18350009,2534,46.2,2,5,3,2,2,,1,1,3
HH18350027,2869,39.6,2,5,3,3,2,,1,1,3
HH17350016,30512,132,1,4,6,1,3,,2,3,3
HH17350017,2875,66,1,2,6,1,1,,1,1,3
HH17350018,3257,49.5,1,2,6,1,1,,1,1,3
HH17350019,2617,49.5,1,2,6,1,1,3,3,1,3
HH17350020,22306,165,1,5,6,1,3,2,2,3,3
HH17350021,3394,99,1,6,6,1,2,1,2,3,3
HH17350022,3482,66,1,2,6,1,1,1,2,1,3
HH17350023,1811,36.3,1,1,6,1,1,,1,1,3
HH17350024,1997,105.6,2,6,5,4,3,3,2,3,3
HH17350025,3458,118.8,3,5,6,14,3,1,4,3,3
HH17350026,2715,115.5,3,3,6,8,3,,3,1,3
HH17350027,1978,52.8,3,5,6,9,1,2,1,1,3
HH17350028,2321,52.8,3,5,6,10,1,2,2,1,3
HH17350029,2015,79.2,3,4,6,2,3,,4,2,3
HH17350030,4149,132,3,6,6,20,3,1,2,3,3
HH17350032,3387,82.5,3,4,6,11,3,,2,4,3
HH17350033,3449,105.6,3,4,6,11,3,2,4,3,3
HH17350034,362,39.6,3,3,6,2,2,,1,1,3
HH17350037,4439,89.1,1,1,6,1,3,3,5,4,3
HH17350038,2746,82.5,1,2,6,1,3,,1,1,3
HH17350039,4487,75.9,1,3,6,1,3,2,2,1,3
HH17350040,3370,105.6,3,5,6,7,3,2,3,3,3
HH18350025,10587,112.2,1,3,6,1,3,1,2,2,3
HH18350015,2960,85.8,3,5,3,11,3,1,2,4,3
HH18350020,3166,69.3,3,4,6,2,3,1,2,2,3
HH18350033,3925,108.9,1,6,6,1,3,3,2,3,3
HH18350029,2964,89.1,3,4,3,3,3,1,4,4,3
HH18350030,2745,105.6,3,4,2,4,3,,4,2,3
HH18350038,2258,79.2,3,6,2,11,3,1,3,2,3
HH11350016,2656,108.9,1,1,6,1,4,3,2,2,3
HH11350018,2644,108.9,1,1,6,1,4,2,2,2,3
HH11350019,1823,108.9,1,1,6,1,3,2,3,2,3
HH12350007,2785,49.5,1,3,6,1,2,3,2,2,3
HH11350020,1315,99,1,3,6,1,3,,2,1,3
HH12350005,2024,33,1,1,6,1,1,,1,1,3
HH15350004,3445,89.1,1,2,6,1,2,,3,1,3
HH17350041,3067,79.2,3,4,6,3,3,1,3,3,3
HH15350002,1435,66,1,2,6,1,1,,1,1,3
HH17350042,409,66,1,1,6,1,1,,1,1,3
HH17350043,4428,72.6,1,4,6,1,3,,1,1,3
HH17350045,2242,66,1,4,6,1,3,,2,1,3
HH18350007,2024,33,1,1,6,1,2,1,1,1,3
HH12350008,14996,89.1,1,5,6,1,3,3,1,1,3
HH12350009,4111,75.9,1,4,6,1,3,,2,1,3
HH12350010,4060,82.5,1,4,6,1,3,1,6,2,3
HH12350011,3585,125.4,1,5,6,1,3,,2,1,3
HH11350025,6877,125.4,1,5,6,1,4,,4,3,3
HH17350046,3640,99,3,4,6,9,2,,1,1,3
HH17350047,1573,85.8,1,2,6,1,3,,1,2,3
HH17350048,5332,92.4,1,4,6,1,3,1,1,1,3
HH17350049,2837,75.9,1,4,6,1,3,,1,1,3
HH17350050,15054,92.4,1,5,6,1,3,,1,1,3
HH17350051,3209,82.5,1,6,5,2,3,,2,3,3
HH17350052,1516,82.5,3,4,4,2,2,1,2,2,3
HH17350053,2960,85.8,3,4,4,3,3,1,3,2,3
HH15350017,3250,79.2,3,4,4,1,3,,2,1,3
HH17350054,3209,82.5,3,4,2,1,3,2,2,2,3
HH17350055,2882,59.4,1,4,6,1,2,,1,1,3
HH17350056,4217,85.8,1,6,6,1,3,1,2,2,3
HH17350057,2960,85.8,3,4,2,1,2,,3,2,3
HH17350058,2900,85.8,3,4,2,4,2,,4,2,3
HH17350059,5192,112.2,3,6,3,8,3,1,4,3,3
HH15350016,1202,112.2,3,6,4,12,3,1,3,1,3
HH17350060,1128,62.7,1,5,6,1,2,,2,2,3
HH17350061,2560,56.1,1,3,5,2,2,1,2,1,3
HH17350062,4223,52.8,1,1,6,1,3,1,2,2,3
HH17350064,3166,69.3,1,4,6,1,4,,3,2,3
HH18350037,2510,99,1,4,6,1,2,2,2,4,3
HH11350021,1573,62.7,3,4,3,11,2,2,5,2,3
HH11350022,1764,62.7,3,4,2,13,2,1,4,2,3
HH11350023,1758,62.7,3,4,3,15,2,2,2,1,3
HH11350024,2735,62.7,3,4,4,6,2,1,4,2,3
HH14350005,2509,62.7,3,4,6,7,2,2,4,2,3
HH18350001,3574,108.9,3,6,2,3,3,1,3,3,3
HH18350026,4029,82.5,1,4,6,1,2,2,2,2,3
HH18350002,4082,99,3,4,6,2,3,1,3,2,3
HH18350004,4523,132,1,2,6,1,3,1,4,2,3
HH18350005,9506,99,1,5,6,1,3,4,2,1,3
HH18350028,4390,72.6,1,3,6,1,3,1,2,2,3
HH18350008,17131,141.9,1,4,6,1,3,1,2,2,3
HH11360018,2342,105.6,3,1,4,14,4,1,5,2,3
HH11360019,3132,105.6,3,3,4,3,4,1,3,3,3
HH11360022,3510,102.3,2,5,4,4,3,2,2,1,3
HH11360024,1699,105.6,2,4,4,4,3,2,2,2,3
HH11360025,2872,125.4,2,5,4,4,3,1,4,3,3
HH11360027,1791,52.8,3,4,4,14,1,2,2,2,3
HH11360029,2325,234.3,3,4,4,2,2,1,5,2,3
HH11360031,4630,52.8,3,4,2,3,1,2,3,2,3
HH11360034,2546,56.1,3,4,4,4,1,3,3,2,3
HH11360037,2281,85.8,3,4,4,10,3,1,4,2,3
HH17360002,5695,102.3,3,6,2,4,3,1,5,3,3
HH18360048,3010,82.5,3,3,2,3,3,1,2,2,3
HH18360052,3706,102.3,2,5,4,1,3,,5,3,3
HH18360055,2273,112.2,3,5,2,10,3,2,4,1,3
HH18360057,3895,52.8,3,4,5,9,1,1,2,2,3
HH18360058,2740,52.8,3,4,2,14,1,2,3,2,3
HH18360059,3310,102.3,2,5,3,1,3,,2,1,3
HH18360001,3085,85.8,3,4,4,10,3,,1,1,3
HH17360003,6526,66,1,1,6,1,2,3,2,2,3
HH18360041,2580,72.6,1,1,6,1,2,,1,1,3
HH18360074,3063,82.5,1,6,6,1,2,,4,1,3
HH18360045,981,82.5,1,5,5,1,3,3,3,1,3
HH18360006,4363,82.5,1,4,6,1,3,,2,2,3
HH18360009,2262,66,2,3,5,2,2,3,1,1,3
HH18360013,2466,66,1,1,6,1,2,3,1,1,3
HH13360012,3209,82.5,1,3,6,1,3,,2,1,3
HH18360062,3498,108.9,3,4,2,11,3,1,4,4,3
HH18360024,4122,99,3,4,2,2,3,1,1,3,3
HH18360063,3521,112.2,3,5,2,3,3,,4,4,3
HH18360077,2759,112.2,3,6,3,2,3,4,2,3,3
HH18360065,3079,69.3,3,5,2,10,2,2,3,1,3
HH18360032,3035,82.5,1,3,6,1,3,2,1,1,3
HH18360038,2889,66,1,5,6,1,2,,3,2,3
HH18360016,3792,75.9,3,4,2,5,3,1,4,3,3
HH18360018,3907,122.1,3,5,4,4,3,2,2,2,3
HH18360021,2546,122.1,3,5,3,4,3,1,4,1,3
HH18360070,4445,122.1,3,5,3,6,3,1,5,3,3
HH18360025,3352,72.6,3,4,6,6,2,3,1,3,3
HH18360028,1713,102.3,3,4,3,3,3,3,2,3,3
HH18360030,4516,125.4,3,6,3,6,3,2,3,4,3
HH18360034,3315,112.2,3,5,4,15,3,1,3,2,3
HH18360036,4464,141.9,3,4,2,2,4,1,5,4,3
HH11360009,2260,42.9,1,1,6,1,2,3,1,1,3
HH13360005,2050,79.2,1,1,6,1,3,4,1,2,3
HH11360012,2898,59.4,1,1,6,1,2,4,2,1,3
HH11360014,3050,181.5,1,1,6,1,4,3,2,2,3
HH17360015,3209,82.5,1,4,6,1,3,,3,3,3
HH18360037,2126,82.5,1,1,6,1,3,1,1,1,3
HH18360046,3394,99,1,4,6,1,4,3,1,1,3
HH18360031,5313,521.4,1,1,6,1,4,,1,1,3
HH18360002,3394,99,1,1,6,1,3,,2,1,3
HH18360004,4089,82.5,1,3,6,1,3,,1,1,3
HH18360007,3150,99,1,1,6,1,3,3,2,1,3
HH18360012,1883,79.2,1,4,6,1,3,3,1,1,3
HH18360010,2741,66,1,6,6,1,1,2,2,1,3
HH18360014,35687,132,1,4,6,1,3,1,5,3,3
HH17360019,2646,105.6,3,4,4,7,3,2,2,3,3
HH17360020,3024,165,1,1,6,1,5,,1,1,3
HH17360021,3394,99,2,3,4,2,3,1,3,1,3
HH17360022,2895,66,1,2,6,1,3,,1,1,3
HH17360023,5194,72.6,1,4,6,1,2,4,3,4,3
HH17360024,4069,122.1,1,6,6,1,3,1,2,2,3
HH18360039,2442,52.8,1,1,6,1,2,,1,1,3
HH18360033,3499,82.5,1,6,6,1,3,1,1,1,3
HH12360001,5851,122.1,1,1,6,1,3,3,2,3,3
HH12360002,1735,89.1,1,1,6,1,3,,1,2,3
HH12360003,15555,99,1,5,6,1,3,,2,1,3
HH12360004,6913,105.6,1,1,6,1,3,,1,1,3
HH17360025,3674,198,1,1,6,1,3,3,2,3,3
HH14360005,3907,122.1,3,4,4,8,3,2,2,2,3
HH17360028,3874,125.4,3,4,4,11,3,1,4,4,3
HH17360029,3594,125.4,3,4,4,9,3,3,3,3,3
HH18360008,5094,72.6,1,4,6,1,2,,2,2,3
HH18360053,3938,122.1,3,4,4,6,3,1,3,3,3
HH18360020,4724,66,1,3,6,1,2,,4,2,3
HH18360011,3130,72.6,1,1,6,1,3,,2,1,3
HH18360054,3083,122.1,3,4,4,5,3,1,2,3,3
HH18360003,3064,112.2,3,4,4,6,3,3,2,3,3
HH18360005,3267,122.1,3,4,4,7,3,2,2,3,3
HH17360030,3166,69.3,3,5,3,9,2,,4,2,3
HH17360031,3458,79.2,3,6,4,11,2,,4,4,3
HH18360023,4784,99,1,1,6,1,2,3,2,1,3
HH18360015,2559,82.5,1,1,6,1,2,,1,1,3
HH18360017,2161,79.2,1,1,6,1,3,,1,1,3
HH18360019,3421,66,1,1,6,1,3,,1,1,3
HH18360022,2783,99,1,1,6,1,2,,1,1,3
HH18360027,4150,115.5,1,5,5,2,3,3,2,1,3
HH18360026,3748,99,1,1,6,1,2,,1,1,3
HH18360029,3054,59.4,1,2,6,1,2,,1,1,3
HH11360080,3012,132,1,4,6,1,4,3,2,1,3
HH12360027,2773,85.8,1,1,6,1,4,2,2,1,3
HH13360019,1227,75.9,1,4,6,1,3,,1,1,3
HH11360082,3477,36.3,2,1,6,1,2,,2,1,3
HH11360083,4909,89.1,1,1,6,1,4,,1,2,3
HH12360028,2891,39.6,1,4,6,1,1,3,2,1,3
HH12360029,4790,141.9,1,3,6,1,3,,2,1,3
HH11360084,1150,42.9,1,2,6,1,2,,1,1,3
HH13360021,3430,99,1,5,6,1,2,3,2,2,3
HH11360085,3460,75.9,1,1,6,1,2,3,2,2,3
HH11360086,3870,82.5,1,1,6,1,3,3,1,1,3
HH17360032,2429,75.9,1,4,6,1,3,,1,1,3
HH13360022,3245,99,1,1,6,1,2,,1,1,3
HH11360088,2731,72.6,1,5,6,1,3,2,2,1,3
HH18360056,2519,115.5,1,6,6,1,3,,1,1,3
HH18360040,2791,66,3,4,6,14,2,2,1,1,3
HH18360050,1806,36.3,1,1,6,1,1,,1,1,3
HH18360043,3985,99,1,1,6,1,2,2,2,1,3
HH18360042,3335,89.1,1,1,6,1,4,2,1,1,3
HH18360047,2943,66,1,1,6,1,3,1,4,2,3
HH18360079,2181,59.4,1,3,6,1,2,3,1,1,3
HH11360078,2258,39.6,1,1,6,1,2,,1,1,3
HH11360079,3394,99,1,4,5,1,3,3,2,3,3
HH17360035,2539,79.2,3,5,4,4,3,2,2,3,3
HH11360041,2145,95.7,1,3,6,1,3,2,2,1,3
HH11360042,2783,69.3,1,4,6,1,3,2,2,1,3
HH11360043,2498,75.9,1,4,6,1,3,,2,1,3
HH13360008,1782,99,1,3,6,1,3,3,1,2,3
HH11360044,2700,79.2,1,4,6,1,3,,1,1,3
HH11360045,5104,39.6,1,5,6,1,2,3,2,1,3
HH11360046,1586,92.4,1,4,6,1,3,,2,1,3
HH11360047,1371,59.4,1,1,6,1,2,,2,2,3
HH11360048,4490,89.1,1,4,6,1,3,2,2,3,3
HH11360049,1806,105.6,1,4,6,1,4,2,2,1,3
HH11360050,3117,99,1,4,6,1,4,,2,3,3
HH18360044,3506,82.5,3,5,2,13,3,3,6,3,3
HH18360078,2734,92.4,1,4,6,1,3,1,2,2,3
HH17360036,3686,115.5,2,5,3,2,3,3,2,2,3
HH17360037,3250,79.2,3,4,3,13,3,1,3,2,3
HH17360038,3540,66,1,2,3,1,2,1,4,2,3
HH17360039,3449,105.6,3,4,4,1,3,1,2,1,3
HH17360040,873,99,1,4,6,1,3,1,2,2,3
HH17360042,3796,79.2,3,4,5,1,3,1,2,2,3
HH11360075,3163,99,3,5,4,7,3,,2,3,3
HH17360043,1199,79.2,3,4,3,12,3,1,1,1,3
HH17360044,3828,105.6,3,6,4,6,3,1,4,3,3
HH17360045,4129,89.1,3,4,4,10,3,1,2,2,3
HH17360046,3172,102.3,3,4,6,2,3,1,1,3,3
HH17360063,3048,79.2,3,5,4,10,3,1,2,1,3
HH18360035,2167,66,1,4,6,1,1,1,1,1,3
HH18360075,4384,89.1,3,4,6,3,3,1,2,1,3
HH18360076,1950,99,1,3,6,1,3,1,3,3,3
HH18360060,9543,105.6,1,4,4,2,3,1,2,3,3
HH17360048,1575,85.8,2,4,6,1,3,3,2,3,3
HH17360049,3520,79.2,2,5,3,3,3,,3,2,3
HH17360050,3440,66,2,3,4,2,3,1,2,1,3
HH17360052,3686,115.5,3,6,6,7,3,1,2,1,3
HH17360053,3209,82.5,3,4,6,10,3,1,3,3,3
HH17360054,3985,89.1,3,5,3,10,3,1,4,3,3
HH18360061,3592,82.5,2,6,4,3,3,,4,1,3
HH18360064,5173,115.5,3,6,2,15,3,4,6,4,3
HH18360073,3551,66,3,6,2,5,2,,2,2,3
HH12360022,3740,79.2,1,1,6,1,2,3,2,3,3
HH18360049,4561,66,1,5,5,1,3,3,5,2,3
HH18360051,4714,79.2,1,1,6,1,3,,2,1,3
HH18360066,5134,66,2,3,6,1,2,3,2,2,3
HH18360067,5366,82.5,1,3,6,1,3,3,4,2,3
HH18360068,3872,82.5,2,4,5,2,2,3,7,2,3
HH18360071,2678,66,1,1,6,1,3,,2,1,3
HH18360072,3900,56.1,1,1,6,1,2,3,3,1,3
HH18360080,2627,66,1,1,6,1,2,3,1,1,3
HH12370036,3913,85.8,1,1,6,1,3,,3,3,3
HH13370024,3166,69.3,2,3,4,3,3,,3,2,3
HH16370004,2851,99,2,2,5,1,3,,4,2,3
HH14370024,2882,59.4,1,3,5,1,2,,2,2,3
HH11370079,2735,62.7,2,4,4,2,2,,2,2,3
HH17370001,3020,82.5,1,4,4,1,4,,2,2,3
HH16370005,2022,49.5,2,4,5,1,2,,1,1,3
HH12370037,3209,82.5,1,3,6,1,3,1,1,1,3
HH11370084,2617,49.5,2,4,5,1,2,,2,2,3
HH12370038,3123,36.3,2,4,3,3,1,,2,2,3
HH14370025,3209,59.4,2,3,3,2,2,,2,2,3
HH11370085,2383,46.2,2,3,4,2,2,,2,1,3
HH13370025,3003,66,2,4,5,3,3,2,3,2,3
HH11370087,3130,72.6,2,4,3,2,3,,2,1,3
HH17370003,3440,75.9,2,5,4,1,2,,1,2,3
HH11370077,2609,85.8,3,5,5,4,2,,2,2,3
HH18370029,2819,62.7,2,4,5,4,2,,1,1,3
HH18370025,3533,82.5,1,4,6,1,3,2,4,3,3
HH18370002,3489,66,1,5,6,1,2,,2,1,3
HH18370005,3371,82.5,2,4,5,2,2,,2,2,3
HH13370026,479,19.8,1,1,6,1,1,,2,1,3
HH12370039,4285,69.3,1,2,6,1,3,,1,1,3
HH12370040,2979,82.5,1,1,6,1,2,,2,2,3
HH12370041,2960,85.8,1,4,6,1,3,,1,2,3
HH12370043,2502,72.6,1,4,6,1,2,,2,2,3
HH12370044,3000,85.8,1,5,6,1,3,,2,3,3
HH12370046,2566,75.9,1,3,6,1,3,,2,1,3
HH18370026,3963,89.1,3,6,2,3,3,,4,3,3
HH18370006,3292,89.1,3,6,2,2,3,1,3,2,3
HH18370008,3498,108.9,3,6,2,18,3,1,3,2,3
HH18370024,3216,105.6,3,4,4,1,3,1,3,3,3
HH18370004,4857,105.6,3,4,2,2,3,2,2,3,3
HH14370002,2911,92.4,1,6,5,1,2,1,1,2,3
HH12370006,2318,75.9,3,4,2,11,3,1,2,3,3
HH12370008,3029,75.9,3,4,3,2,3,3,4,4,3
HH13370003,2757,75.9,3,4,2,12,3,1,3,3,3
HH13370004,3213,75.9,3,4,2,14,3,1,5,3,3
HH11370003,3427,75.9,3,4,2,2,3,1,2,1,3
HH13370005,3213,75.9,3,4,2,2,3,1,3,2,3
HH14370003,3397,75.9,3,4,2,4,3,1,3,3,3
HH13370006,3896,75.9,3,4,2,5,3,1,4,3,3
HH12370009,2832,99,3,4,3,6,3,1,3,4,3
HH12370010,3432,75.9,3,4,3,8,3,1,4,4,3
HH14370004,3394,99,3,4,2,8,3,1,4,4,3
HH16370001,2992,75.9,3,4,2,8,3,1,2,3,3
HH12370011,10872,82.5,2,5,4,2,3,1,4,4,3
HH17370009,4254,75.9,3,4,2,6,3,1,2,2,3
HH17370011,2087,75.9,3,4,2,9,3,1,2,2,3
HH18370019,3487,105.6,2,6,2,2,3,2,4,3,3
HH18370020,28931,92.4,1,2,6,1,4,3,2,2,3
HH18370007,3456,108.9,3,5,2,2,3,1,3,4,3
HH18370010,3718,99,1,3,6,1,2,1,3,2,3
HH11370028,3213,75.9,1,6,6,1,3,,1,1,3
HH16370002,2977,49.5,1,4,6,1,2,,2,1,3
HH11370031,2682,82.5,1,4,6,1,3,,4,2,3
HH11370032,3976,79.2,1,3,6,1,3,,1,1,3
HH17370012,1974,72.6,1,1,6,1,4,,1,2,3
HH18370021,3130,72.6,1,1,6,1,3,,1,2,3
HH18370014,3128,66,1,3,6,1,2,,2,1,3
HH15370005,3116,69.3,1,4,6,1,3,,3,1,3
HH14370014,2169,72.6,2,4,3,1,2,,2,1,3
HH11370057,33099,132,1,4,6,1,4,,1,1,3
HH11370059,14442,85.8,1,4,6,1,4,,1,1,3
HH11370060,28485,72.6,1,4,6,1,3,,1,1,3
HH14370015,3100,59.4,3,5,2,2,3,2,3,2,3
HH14370016,2412,42.9,3,4,3,14,2,,2,1,3
HH15370006,23156,99,1,4,6,1,3,2,4,3,3
HH14370017,3984,82.5,1,6,5,3,3,1,5,3,3
HH14370018,3250,79.2,3,4,2,11,3,3,4,3,3
HH14370019,2525,105.6,3,4,2,15,3,3,4,1,3
HH16370003,2383,46.2,1,2,6,1,3,,2,3,3
HH17370013,13358,99,1,5,6,1,3,,5,1,3
HH18370027,3094,79.2,1,4,6,1,3,1,5,3,3
HH18370028,15460,99,1,2,6,1,3,,2,1,3
HH18370003,3628,108.9,3,5,2,12,3,3,4,4,3
HH13370009,2941,92.4,3,4,2,7,3,3,3,4,3
HH14370005,2655,92.4,3,4,2,11,3,,4,1,3
HH11370004,2301,99,3,4,2,14,3,1,4,2,3
HH13370010,3533,92.4,3,4,2,13,3,1,4,3,3
HH13370011,3615,92.4,3,4,2,5,3,2,4,3,3
HH11370006,2937,75.9,3,4,3,14,2,2,5,2,3
HH11370007,3101,75.9,3,4,4,15,2,1,4,2,3
HH11370008,2742,75.9,3,4,2,6,2,,3,2,3
HH11370009,4535,75.9,3,4,2,2,2,,3,2,3
HH11370010,3151,62.7,3,3,2,2,2,,4,2,3
HH11370013,2918,62.7,3,3,2,2,2,3,1,2,3
HH15370002,2617,49.5,1,5,5,2,2,3,2,2,3
HH11370014,3996,135.3,3,5,4,11,4,3,4,1,3
HH11370015,3901,135.3,3,5,4,4,4,3,5,3,3
HH11370016,4144,135.3,3,5,2,6,4,3,5,3,3
HH13370012,2960,85.8,2,1,6,1,2,,1,1,3
HH12370013,2976,49.5,1,2,6,1,2,,1,1,3
HH12370014,1428,92.4,1,3,6,1,3,3,1,1,3
HH12370015,1654,92.4,1,1,6,1,3,2,1,1,3
HH12370016,3554,82.5,1,3,6,1,3,3,2,1,3
HH14370008,3506,148.5,2,2,5,1,3,,1,1,3
HH14370009,4297,82.5,2,3,5,1,3,,2,4,3
HH13370014,3394,99,1,2,6,1,3,,1,1,3
HH13370015,1485,99,1,3,6,1,3,,1,1,3
HH12370017,3911,69.3,1,3,5,2,2,2,2,1,3
HH11370017,3250,79.2,3,4,3,15,3,,4,2,3
HH11370019,3549,82.5,3,4,2,5,3,1,4,2,3
HH11370020,5161,82.5,3,4,2,7,3,3,3,3,3
HH15370004,4117,79.2,1,3,2,2,3,,3,3,3
HH13370017,2481,49.5,2,4,5,1,1,4,3,2,3
HH11370027,3213,75.9,2,5,5,2,3,2,4,4,3
HH17370014,3505,62.7,3,4,6,3,2,3,3,2,3
HH13370018,2378,79.2,2,5,2,4,3,,2,2,3
HH14370006,3814,99,3,5,3,26,3,3,3,3,3
HH14370007,4032,141.9,3,5,2,4,4,1,2,3,3
HH17370018,3446,72.6,1,5,5,2,2,3,4,2,3
HH14370011,3003,66,1,2,4,2,2,3,1,2,3
HH13370013,2172,66,1,4,3,2,2,,4,1,3
HH14370010,3209,82.5,1,3,6,1,3,2,3,2,3
HH17370019,3395,132,1,3,4,2,4,3,2,4,3
HH17370020,3091,82.5,3,4,2,2,3,,5,2,3
HH13370016,2617,49.5,3,4,3,11,2,,2,1,3
HH11370026,2882,59.4,2,5,5,2,2,3,3,3,3
HH18370015,3155,141.9,3,6,4,14,4,,2,4,3
HH18370011,3131,112.2,3,6,3,10,3,1,4,2,3
HH18370012,3394,99,3,6,4,9,3,2,3,2,3
HH18370013,3142,82.5,2,5,3,4,2,,2,2,3
HH18370016,2135,66,3,5,2,6,2,,2,2,3
HH18370017,3589,92.4,2,6,3,2,2,,4,2,3
HH11370048,2024,33,1,1,4,1,1,,2,1,3
HH11370050,2735,62.7,1,1,6,1,2,,1,1,3
HH11370051,4745,52.8,1,1,6,1,1,,1,1,3
HH11370052,2554,89.1,1,1,6,1,3,,2,1,3
HH11370053,3689,49.5,1,1,6,1,2,1,2,1,3
HH11370054,3769,66,1,1,6,1,2,,2,1,3
HH17370023,4564,46.2,1,1,6,1,1,,2,1,3
HH11370033,2735,62.7,2,2,6,1,2,,2,2,3
HH14370012,2509,66,1,3,6,1,2,,2,1,3
HH11370034,3003,66,1,3,6,1,2,,2,1,3
HH11370035,4274,79.2,2,3,6,1,3,,2,2,3
HH11370036,4193,99,2,3,6,1,4,,2,2,3
HH11370037,2960,85.8,1,3,6,1,3,,2,2,3
HH11370038,3644,46.2,1,4,6,1,2,,1,1,3
HH11370039,2412,42.9,1,1,6,1,2,,2,1,3
HH11370040,3368,72.6,3,4,5,1,3,,1,2,3
HH11370041,3012,72.6,3,4,4,3,3,,1,1,3
HH11370043,2999,72.6,3,4,5,1,3,,2,1,3
HH11370044,2931,72.6,3,4,4,14,3,,2,1,3
HH11370045,2080,72.6,3,4,4,2,3,,2,2,3
HH12370018,3384,105.6,3,4,3,3,3,3,2,3,3
HH11370046,3101,105.6,3,4,4,13,3,,1,3,3
HH14370013,2461,105.6,3,4,2,2,3,,1,1,3
HH11370047,2919,105.6,3,4,4,6,3,,1,3,3
HH18370023,3201,72.6,3,4,5,6,3,,1,1,3
HH14370001,3956,82.5,1,2,6,1,3,,2,2,3
HH12370002,2371,85.8,1,4,6,1,3,,2,1,3
HH11370001,3213,75.9,1,2,6,1,4,,2,1,3
HH11370002,2184,33,1,1,6,1,1,,2,1,3
HH12370003,2184,66,1,5,5,1,2,,2,2,3
HH17370024,5380,99,1,1,6,1,2,,5,2,3
HH17370026,3364,125.4,1,3,6,1,2,,2,3,3
HH18370001,3097,66,1,1,6,1,2,,2,1,3
HH18370018,2818,66,1,1,6,1,2,,1,1,3
HH18370009,3812,181.5,2,5,2,3,4,1,4,4,3
HH12370024,2251,62.7,1,4,6,1,2,,2,1,3
HH12370025,918,42.9,1,1,6,1,2,,1,1,3
HH12370026,3914,42.9,1,1,6,1,2,,2,1,3
HH12370027,3130,72.6,1,5,6,1,3,,2,1,3
HH13370020,2147,56.1,1,1,6,1,3,,1,1,3
HH12370029,2504,49.5,1,1,6,1,2,,2,2,3
HH12370030,2365,33,1,1,6,1,1,,1,1,3
HH12370031,3091,42.9,1,1,6,1,2,,1,1,3
HH17370032,4191,89.1,2,4,6,2,3,2,2,1,3
HH17370033,3684,89.1,2,4,2,2,3,,2,2,3
HH12370019,1780,52.8,1,1,6,1,2,,1,1,3
HH12370020,2882,59.4,1,1,6,1,2,,2,2,3
HH12370021,2224,29.7,1,1,6,1,1,,2,1,3
HH12370022,2960,85.8,1,4,6,1,4,,2,1,3
HH12370023,3373,75.9,1,1,6,1,4,,2,1,3
HH11370061,3104,62.7,1,2,6,1,1,,2,1,3
HH12370032,2601,95.7,1,4,4,2,2,3,1,1,3
HH14370020,3067,92.4,1,4,6,1,3,,1,1,3
HH12370033,2560,56.1,1,1,6,1,2,1,3,2,3
HH14370021,2321,59.4,1,4,5,1,2,,1,1,3
HH11370062,3445,89.1,1,2,5,1,3,,3,1,3
HH11370063,3130,72.6,1,2,6,1,3,,4,2,3
HH11370064,3196,49.5,3,4,4,12,2,,3,2,3
HH14370022,3494,69.3,1,3,6,1,3,,3,2,3
HH12370035,4343,92.4,1,3,6,1,4,,2,1,3
HH13370021,2498,49.5,1,3,6,1,3,,2,1,3
HH14370023,3394,99,1,4,2,1,3,,2,2,3
HH11370065,3368,42.9,1,2,6,1,2,,4,3,3
HH11370066,2915,69.3,3,5,5,1,3,1,4,2,3
HH11370068,2847,69.3,3,5,4,13,3,4,4,2,3
HH13370022,3282,69.3,3,5,2,7,3,3,4,2,3
HH11370069,2848,69.3,3,5,2,8,3,1,5,2,3
HH13370023,3267,82.5,3,5,4,9,3,3,4,2,3
HH11370070,3067,92.4,3,5,5,1,3,1,5,2,3
HH11370071,3166,69.3,3,5,4,4,3,1,4,2,3
HH11370072,3166,69.3,3,5,5,10,3,1,2,1,3
HH11370073,4119,69.3,3,5,4,5,3,3,4,2,3
HH11370074,3541,69.3,3,5,3,15,3,,5,2,3
HH11370075,3478,75.9,3,5,3,1,3,2,3,2,3
HH17370027,4883,69.3,3,5,4,1,3,2,4,2,3
HH18370022,2960,85.8,1,3,6,1,3,3,2,1,3
HH15380008,11127,99,1,1,6,1,2,3,1,1,3
HH16380003,3644,105.6,3,4,4,17,3,3,2,2,3
HH11380067,3786,89.1,1,4,5,1,4,,5,1,3
HH11380068,4272,85.8,1,4,5,1,3,,4,2,3
HH14380010,4133,66,1,4,5,1,3,,5,4,3
HH15380009,2953,42.9,3,3,4,1,2,4,3,2,3
HH15380010,2893,42.9,3,3,5,1,2,,3,1,3
HH15380011,3115,42.9,3,3,4,2,2,,2,2,3
HH15380012,2922,42.9,3,3,4,3,2,3,1,2,3
HH15380013,2900,42.9,3,3,4,4,2,,2,1,3
HH11380071,4360,115.5,3,6,3,11,3,,4,2,3
HH11380070,4136,82.5,1,3,5,1,3,,5,4,3
HH17380001,4395,105.6,3,4,4,11,3,,4,2,3
HH17380002,5492,112.2,3,6,4,13,3,,3,3,3
HH12380018,3739,79.2,3,3,2,3,3,2,2,1,3
HH12380019,4207,79.2,3,3,6,4,3,1,3,1,3
HH11380006,4945,69.3,3,4,4,2,3,,3,3,3
HH11380013,2752,49.5,3,3,2,2,3,,2,1,3
HH11380014,2253,49.5,3,3,2,5,3,3,1,1,3
HH11380016,2915,49.5,3,3,2,5,3,,1,1,3
HH11380018,4986,79.2,3,5,5,1,2,,4,2,3
HH11380019,4645,79.2,3,5,5,1,2,,4,3,3
HH11380021,4802,79.2,3,5,4,13,2,,2,2,3
HH11380023,5045,79.2,3,5,4,2,2,1,3,3,3
HH11380024,4507,79.2,3,5,4,3,2,,3,3,3
HH11380025,3851,79.2,3,5,4,7,2,,3,2,3
HH11380026,4080,79.2,3,5,4,8,2,,3,2,3
HH11380027,4697,79.2,3,5,4,9,2,,4,3,3
HH14380006,3868,99,3,5,4,1,3,,2,2,3
HH12380010,2588,52.8,1,4,6,1,2,,1,1,3
HH12380011,13783,92.4,1,4,5,2,3,,3,2,3
HH14380007,4436,79.2,2,6,4,3,3,,5,2,3
HH11380028,3279,105.6,3,4,4,1,3,1,3,2,3
HH11380029,3267,105.6,3,4,4,10,3,1,3,3,3
HH11380030,3186,105.6,3,4,4,16,3,,4,3,3
HH11380031,3291,105.6,3,4,4,3,3,1,4,3,3
HH11380032,2560,105.6,3,5,4,4,3,,2,2,3
HH14380008,4258,75.9,3,4,4,8,3,,4,3,3
HH17380008,4317,125.4,3,5,5,5,3,2,2,2,3
HH17380012,4712,135.3,3,4,4,2,3,3,5,3,3
HH17380014,3237,72.6,3,4,2,9,3,4,2,2,3
HH17380015,3152,69.3,3,5,2,9,3,,3,2,3
HH17380016,3395,72.6,3,4,2,8,2,,4,2,3
HH17380017,2524,82.5,3,4,2,10,3,2,2,2,3
HH17380018,4856,105.6,3,6,2,9,3,,4,2,3
HH17380019,3131,92.4,1,6,2,2,3,3,4,2,3
HH17380020,3197,75.9,3,5,2,1,3,,3,2,3
HH17380021,2739,99,1,4,6,1,3,3,2,2,3
HH18380001,2128,69.3,3,4,3,1,2,,2,3,3
HH18380007,3554,75.9,3,4,2,15,2,,4,3,3
HH18380011,3037,69.3,3,4,3,2,2,,2,2,3
HH18380014,3333,75.9,3,4,2,15,2,4,4,3,3
HH18380020,2554,46.2,3,3,2,3,2,,1,1,3
HH18380022,3153,46.2,3,3,2,1,2,,3,4,3
HH18380025,2318,49.5,3,3,2,2,3,,2,1,3
HH18380016,2982,75.9,3,4,2,6,3,4,4,2,3
HH18380003,3017,69.3,3,4,2,9,2,,3,3,3
HH18380006,3863,69.3,3,4,2,10,3,,2,3,3
HH18380009,3126,69.3,3,4,2,1,3,3,3,3,3
HH18380015,3479,99,1,3,4,2,3,,4,4,3
HH18380010,2564,69.3,3,4,2,3,3,,1,1,3
HH18380018,3043,69.3,3,4,2,6,3,,3,3,3
HH18380019,3322,99,3,5,2,15,3,,1,2,3
HH18380021,3247,69.3,3,4,2,5,2,,3,3,3
HH18380024,4256,105.6,3,4,2,1,3,,4,3,3
HH11380038,2925,39.6,1,1,6,1,2,1,2,1,3
HH11380039,3183,82.5,1,6,6,1,2,,2,1,3
HH11380041,2184,198,1,1,6,1,3,1,3,2,3
HH13380002,1004,59.4,1,4,6,1,4,,1,1,3
HH11380042,3054,79.2,1,2,6,1,2,1,2,1,3
HH11380043,1812,75.9,1,1,6,1,2,,2,1,3
HH11380044,1118,42.9,1,1,6,1,2,,1,1,3
HH11380046,1133,92.4,1,2,6,1,2,,1,1,3
HH17380022,2582,66,1,5,6,1,1,2,1,3,3
HH17380023,2797,92.4,1,6,6,1,2,,2,1,3
HH18380034,4074,148.5,1,6,4,1,2,3,2,3,3
HH18380035,1733,66,1,5,6,1,2,3,1,1,3
HH18380002,3504,105.6,3,4,2,6,3,1,2,2,3
HH18380008,1115,82.5,1,2,4,1,2,1,2,2,3
HH18380036,444,115.5,1,4,6,1,3,3,3,3,3
HH14380001,3550,92.4,3,4,6,11,3,2,4,2,3
HH14380002,4715,92.4,3,4,6,12,3,2,3,3,3
HH14380003,2524,46.2,3,3,2,3,2,1,4,2,3
HH14380004,2518,46.2,3,3,5,5,2,2,4,2,3
HH14380005,1904,92.4,3,4,2,2,3,1,2,1,3
HH12380003,2096,92.4,3,4,2,5,3,1,4,2,3
HH12380004,2560,92.4,3,4,2,6,3,1,3,3,3
HH12380006,3545,66,1,5,6,1,2,1,1,1,3
HH11380047,2846,59.4,1,2,6,1,2,2,4,2,3
HH12380020,3392,52.8,1,4,6,1,2,,3,1,3
HH15380001,4435,66,1,3,6,1,4,1,6,2,3
HH15380002,2375,112.2,3,6,2,8,3,1,4,2,3
HH15380003,2882,59.4,3,6,4,2,3,2,6,3,3
HH16380001,4547,99,3,4,4,3,3,1,2,2,3
HH11380048,3422,72.6,3,4,4,10,3,2,3,2,3
HH11380049,4371,118.8,3,4,4,8,3,1,4,2,3
HH15380005,3474,89.1,3,5,4,12,3,1,1,1,3
HH11380050,3130,72.6,3,4,4,13,3,1,2,1,3
HH11380051,3329,72.6,3,4,4,13,3,2,3,2,3
HH11380052,3562,72.6,3,4,5,14,3,1,3,2,3
HH15380006,3405,72.6,3,5,4,4,3,1,4,2,3
HH11380054,3865,148.5,3,5,3,4,4,1,3,3,3
HH11380055,3872,112.2,3,5,4,9,3,3,2,2,3
HH12380022,3292,148.5,3,5,2,10,4,1,5,3,3
HH11380060,4163,95.7,2,5,4,3,3,1,4,2,3
HH11380061,2735,75.9,2,5,4,3,3,,5,2,3
HH13380005,3097,59.4,3,5,2,6,2,2,2,1,3
HH13380006,2889,59.4,3,5,4,7,2,1,1,1,3
HH16380002,3962,72.6,3,5,4,9,2,2,4,1,3
HH11380064,3888,59.4,3,5,4,6,2,3,3,2,3
HH11380065,4456,59.4,3,5,4,7,2,2,3,2,3
HH11380066,2280,82.5,3,3,3,8,2,,2,1,3
HH17380025,2224,29.7,1,5,6,1,1,,4,1,3
HH11380056,2964,79.2,3,3,3,17,2,,3,2,3
HH13380003,4024,112.2,3,5,4,1,3,1,5,3,3
HH11380058,3490,112.2,3,5,3,4,3,1,3,1,3
HH18380017,3250,79.2,3,4,2,10,3,1,4,2,3
HH18380005,2736,66,3,6,2,7,2,2,3,3,3
HH18380037,3583,112.2,3,5,2,10,3,2,2,3,3
HH18380028,3213,75.9,3,4,5,6,3,3,3,2,3
HH18380012,3473,75.9,3,4,2,4,3,,2,1,3
HH18380038,2920,72.6,3,4,6,8,3,1,2,1,3
HH18380039,3130,72.6,3,6,3,4,2,1,2,2,3
HH18380004,3096,59.4,2,5,4,4,2,2,1,1,3
HH18380040,4245,89.1,3,4,6,13,3,4,2,3,3
HH18380041,3209,82.5,3,6,3,2,3,2,3,2,3
HH18380029,4153,66,3,5,6,4,2,,3,1,3
HH18380030,3061,66,1,3,6,1,2,2,2,1,3
HH18380032,3104,72.6,1,6,6,1,2,2,2,3,3
HH11380076,4537,108.9,1,4,6,1,4,,6,1,3
HH11380077,1419,112.2,1,4,6,1,3,3,2,1,3
HH12380032,3001,105.6,1,4,5,1,4,,3,1,3
HH12380033,2249,82.5,1,1,5,2,3,3,1,1,3
HH11380078,8899,105.6,1,5,6,1,3,,4,2,3
HH12380034,2185,85.8,1,1,6,1,3,3,2,1,3
HH15380017,2315,72.6,1,5,6,1,2,3,2,1,3
HH12380035,13455,99,1,4,5,2,3,,5,2,3
HH15380018,2487,49.5,1,1,6,1,3,3,1,1,3
HH12380036,3309,105.6,1,5,5,1,3,,4,1,3
HH17380027,2637,82.5,1,3,6,1,2,,2,1,3
HH17380028,3406,66,3,3,2,4,2,2,5,2,3
HH18380023,4431,99,2,5,5,2,2,,2,1,3
HH12380030,2819,66,1,4,4,1,2,2,2,1,3
HH11380074,3074,128.7,1,4,4,1,5,2,3,2,3
HH15380016,2712,46.2,1,4,5,1,2,2,2,1,3
HH17380029,3832,92.4,1,5,5,2,3,2,4,2,3
HH17380030,3597,105.6,3,4,2,11,3,2,4,2,3
HH17380031,1304,82.5,1,3,6,1,3,,1,1,3
HH17380032,3723,99,1,1,5,1,2,2,1,1,3
HH15380014,3493,115.5,1,3,5,2,4,2,4,1,3
HH14380012,3295,115.5,1,2,4,1,3,,4,2,3
HH16380004,2773,42.9,1,3,5,1,2,2,3,2,3
HH18380027,2396,36.3,2,6,3,4,2,,1,1,3
HH12380039,2601,125.4,3,5,4,4,4,2,2,2,3
HH12380040,2031,49.5,1,4,6,1,2,,2,2,3
HH14380014,3309,52.8,1,4,6,1,3,2,1,1,3
HH11380081,527,72.6,1,5,5,1,3,,3,2,3
HH12380041,2562,92.4,1,3,6,1,2,,1,1,3
HH12380043,11779,92.4,1,3,6,1,3,3,1,1,3
HH11380082,2567,62.7,2,2,5,1,2,,1,1,3
HH12380044,2214,42.9,1,2,5,1,2,2,1,1,3
HH14380016,3629,82.5,2,4,5,1,4,2,2,2,3
HH14380017,3198,82.5,1,3,6,1,4,2,2,1,3
HH12380046,1450,95.7,1,3,6,1,4,,1,1,3
HH18380026,1454,66,1,1,6,1,3,3,1,1,3
HH18380042,2654,69.3,1,4,6,1,3,1,1,2,3
HH18380033,1546,42.9,2,4,4,1,1,3,1,1,3
HH18380013,1149,56.1,1,2,6,1,2,,1,1,3
HH12380026,3841,85.8,3,4,2,3,3,1,4,2,3
HH14380011,2874,59.4,1,5,6,1,1,1,1,1,3
HH13380008,3337,49.5,1,1,6,1,2,,3,1,3
HH12380027,8605,105.6,1,3,6,1,2,2,2,1,3
HH18380031,3089,118.8,1,1,6,1,3,2,1,1,3
HH11380035,3139,42.9,1,1,6,1,2,2,2,1,3
HH12380013,2674,49.5,1,1,6,1,1,2,1,1,3
HH12380014,2306,49.5,1,1,6,1,2,2,2,2,3
HH12380015,2674,42.9,1,2,6,1,2,,2,1,3
HH11380036,3772,42.9,1,1,6,1,2,1,2,2,3
HH12380017,3244,75.9,1,3,6,1,2,3,2,1,3
HH13380001,3210,49.5,1,2,6,1,3,3,2,1,3
HH17380034,2367,42.9,1,1,6,1,2,,1,1,3
HH12380048,2283,89.1,1,1,6,1,2,,1,1,3
HH12380049,2940,75.9,1,1,6,1,3,,1,1,3
HH12380050,2841,82.5,1,1,6,1,2,1,2,1,3
HH11380084,3030,115.5,1,4,6,1,3,1,5,2,3
HH11380085,3635,72.6,1,1,6,1,3,1,2,1,3
HH12380051,2952,85.8,1,1,6,1,3,,1,1,3
HH11380086,4435,62.7,1,1,6,1,2,,2,1,3
HH12380052,4246,75.9,1,5,6,1,3,,2,1,3
HH11380087,3122,135.3,1,5,6,1,3,3,2,1,3
HH11380088,4247,79.2,1,2,6,1,3,2,4,2,3
HH12380053,8968,49.5,1,2,6,1,2,2,2,2,3
HH12380054,3602,85.8,1,5,6,1,3,,2,1,3
HH12380055,4249,108.9,1,3,4,1,3,1,5,2,3
HH12380056,2678,33,1,1,5,2,1,,1,1,3
HH12380057,3544,85.8,1,5,5,1,3,1,4,3,3
HH12380058,2317,39.6,1,2,6,1,2,2,2,1,3
HH12380059,1655,85.8,2,5,5,2,3,,1,1,3
HH12380060,1929,85.8,1,4,6,1,3,1,2,1,3
HH12380061,3078,82.5,1,5,6,1,3,2,2,2,3
HH14390001,5354,108.9,2,6,4,4,3,1,5,4,3
HH13390001,2930,79.2,2,4,4,2,3,1,4,2,3
HH15390002,3395,132,3,5,5,10,4,1,5,4,3
HH15390003,3836,171.6,3,5,5,3,4,1,3,3,3
HH13390004,3449,105.6,3,5,2,5,3,1,4,3,3
HH13390010,5839,122.1,3,4,5,1,3,1,4,1,3
HH17390001,3559,132,2,4,2,2,4,1,2,2,3
HH13390013,2561,118.8,3,6,3,5,3,1,3,4,3
HH13390016,3756,132,1,2,5,2,3,,2,1,3
HH17390002,2972,118.8,1,1,6,1,3,,2,1,3
HH17390003,2250,85.8,3,4,4,2,2,1,2,2,3
HH17390004,3250,79.2,3,5,3,9,3,3,2,1,3
HH17390005,3924,171.6,2,5,3,4,3,1,4,4,3
HH17390006,4233,82.5,1,5,6,1,2,,1,1,3
HH17390007,3967,59.4,1,1,6,1,2,,1,1,3
HH17390008,3050,115.5,1,6,4,2,3,1,2,2,3
HH17390009,2700,99,1,4,6,1,3,1,3,1,3
HH17390010,2896,99,1,4,6,1,3,1,2,2,3
HH17390012,2007,66,2,3,4,3,3,1,1,1,3
HH17390013,4749,108.9,3,4,2,7,3,3,4,2,3
HH17390014,2745,62.7,2,5,5,3,3,1,5,2,3
HH17390015,3682,112.2,3,5,2,14,3,1,4,1,3
HH17390016,4124,89.1,2,5,6,2,3,1,1,2,3
HH17390017,4944,89.1,2,5,6,3,3,1,3,2,3
HH17390018,3855,125.4,3,5,4,2,3,,4,3,3
HH17390019,3896,99,1,3,6,1,3,1,2,2,3
HH17390020,4073,66,1,1,6,1,3,1,4,3,3
HH17390021,3622,92.4,1,4,6,1,3,1,2,2,3
HH17390022,5755,118.8,3,6,5,4,3,1,2,4,3
HH17390023,2740,89.1,3,4,4,4,3,2,2,2,3
HH17390024,4189,66,1,4,4,2,3,,5,3,3
HH18390001,3514,82.5,1,5,4,2,3,1,1,2,3
HH18390003,2439,132,1,3,3,1,3,,3,2,3
HH18390005,3055,82.5,1,5,4,2,3,,2,2,3
HH18390006,5123,59.4,1,3,4,1,2,1,3,2,3
HH18390009,1948,82.5,1,4,4,3,3,1,2,1,3
HH18390002,6247,141.9,2,4,4,1,4,1,2,1,3
HH18390004,4011,82.5,2,4,2,4,3,1,2,2,3
HH18390007,4000,82.5,3,4,4,3,3,2,5,3,3
HH18390008,4564,112.2,3,6,4,5,3,,4,2,3
